Date,Close,Anomaly,Forecast_Anomaly,Combined_Anomaly
2018-05-29,24361.45,0,0,0
2018-05-30,24667.78,0,0,0
2018-05-31,24415.84,0,0,0
2018-06-01,24635.21,0,0,0
2018-06-04,24813.69,0,0,0
2018-06-05,24799.98,0,0,0
2018-06-06,25146.39,0,0,0
2018-06-07,25241.41,0,0,0
2018-06-08,25316.53,0,0,0
2018-06-11,25322.31,0,0,0
2018-06-12,25320.73,0,0,0
2018-06-13,25201.2,0,0,0
2018-06-14,25175.31,0,0,0
2018-06-15,25090.48,0,0,0
2018-06-18,24987.47,0,0,0
2018-06-19,24700.21,0,0,0
2018-06-20,24657.8,0,0,0
2018-06-21,24461.7,0,0,0
2018-06-22,24580.89,0,0,0
2018-06-25,24252.8,0,0,0
2018-06-26,24283.11,0,0,0
2018-06-27,24117.59,0,0,0
2018-06-28,24216.05,0,0,0
2018-06-29,24271.41,0,0,0
2018-07-02,24307.18,0,0,0
2018-07-03,24174.82,0,0,0
2018-07-05,24356.74,0,0,0
2018-07-06,24456.48,0,0,0
2018-07-09,24776.59,0,0,0
2018-07-10,24919.66,0,0,0
2018-07-11,24700.45,0,0,0
2018-07-12,24924.89,0,0,0
2018-07-13,25019.41,0,0,0
2018-07-16,25064.36,0,0,0
2018-07-17,25119.89,0,0,0
2018-07-18,25199.29,0,0,0
2018-07-19,25064.5,0,0,0
2018-07-20,25058.12,0,0,0
2018-07-23,25044.29,0,0,0
2018-07-24,25241.94,0,0,0
2018-07-25,25414.1,0,0,0
2018-07-26,25527.07,0,0,0
2018-07-27,25451.06,0,0,0
2018-07-30,25306.83,0,0,0
2018-07-31,25415.19,0,0,0
2018-08-01,25333.82,0,0,0
2018-08-02,25326.16,0,0,0
2018-08-03,25462.58,0,0,0
2018-08-06,25502.18,0,0,0
2018-08-07,25628.91,0,0,0
2018-08-08,25583.75,0,0,0
2018-08-09,25509.23,0,0,0
2018-08-10,25313.14,0,0,0
2018-08-13,25187.7,0,0,0
2018-08-14,25299.92,0,0,0
2018-08-15,25162.41,0,0,0
2018-08-16,25558.73,0,0,0
2018-08-17,25669.32,0,0,0
2018-08-20,25758.69,0,0,0
2018-08-21,25822.29,0,0,0
2018-08-22,25733.6,0,0,0
2018-08-23,25656.98,0,0,0
2018-08-24,25790.35,0,0,0
2018-08-27,26049.64,0,0,0
2018-08-28,26064.02,0,0,0
2018-08-29,26124.57,0,0,0
2018-08-30,25986.92,0,0,0
2018-08-31,25964.82,0,0,0
2018-09-04,25952.48,0,0,0
2018-09-05,25974.99,0,0,0
2018-09-06,25995.87,0,0,0
2018-09-07,25916.54,0,0,0
2018-09-10,25857.07,0,0,0
2018-09-11,25971.06,0,0,0
2018-09-12,25998.92,0,0,0
2018-09-13,26145.99,0,0,0
2018-09-14,26154.67,0,0,0
2018-09-17,26062.12,0,0,0
2018-09-18,26246.96,0,1,1
2018-09-19,26405.76,0,1,1
2018-09-20,26656.98,0,1,1
2018-09-21,26743.5,0,1,1
2018-09-24,26562.05,0,1,1
2018-09-25,26492.21,0,1,1
2018-09-26,26385.28,0,1,1
2018-09-27,26439.93,0,1,1
2018-09-28,26458.31,0,1,1
2018-10-01,26651.21,0,1,1
2018-10-02,26773.94,0,1,1
2018-10-03,26828.39,0,1,1
2018-10-04,26627.48,0,1,1
2018-10-05,26447.05,0,1,1
2018-10-08,26486.78,0,1,1
2018-10-09,26430.57,0,1,1
2018-10-10,25598.74,0,0,0
2018-10-11,25052.83,0,0,0
2018-10-12,25339.99,0,0,0
2018-10-15,25250.55,0,0,0
2018-10-16,25798.42,0,1,1
2018-10-17,25706.68,0,0,0
2018-10-18,25379.45,0,0,0
2018-10-19,25444.34,0,0,0
2018-10-22,25317.41,0,0,0
2018-10-23,25191.43,0,0,0
2018-10-24,24583.42,0,0,0
2018-10-25,24984.55,0,0,0
2018-10-26,24688.31,0,0,0
2018-10-29,24442.92,0,0,0
2018-10-30,24874.64,0,0,0
2018-10-31,25115.76,0,0,0
2018-11-01,25380.74,0,0,0
2018-11-02,25270.83,0,0,0
2018-11-05,25461.7,0,0,0
2018-11-06,25635.01,0,0,0
2018-11-07,26180.3,0,0,0
2018-11-08,26191.22,0,1,1
2018-11-09,25989.3,0,0,0
2018-11-12,25387.18,0,0,0
2018-11-13,25286.49,0,0,0
2018-11-14,25080.5,0,0,0
2018-11-15,25289.27,0,0,0
2018-11-16,25413.22,0,0,0
2018-11-19,25017.44,0,0,0
2018-11-20,24465.64,0,0,0
2018-11-21,24464.69,0,0,0
2018-11-23,24285.95,0,0,0
2018-11-26,24640.24,0,0,0
2018-11-27,24748.73,0,0,0
2018-11-28,25366.43,0,0,0
2018-11-29,25338.84,0,0,0
2018-11-30,25538.46,0,0,0
2018-12-03,25826.43,0,0,0
2018-12-04,25027.07,0,0,0
2018-12-06,24947.67,0,0,0
2018-12-07,24388.95,0,0,0
2018-12-10,24423.26,0,0,0
2018-12-11,24370.24,0,0,0
2018-12-12,24527.27,0,0,0
2018-12-13,24597.38,0,0,0
2018-12-14,24100.51,0,0,0
2018-12-17,23592.98,0,0,0
2018-12-18,23675.64,0,0,0
2018-12-19,23323.66,0,1,1
2018-12-20,22859.6,0,1,1
2018-12-21,22445.37,0,1,1
2018-12-24,21792.2,0,1,1
2018-12-26,22878.45,0,1,1
2018-12-27,23138.82,0,1,1
2018-12-28,23062.4,0,1,1
2018-12-31,23327.46,0,1,1
2019-01-02,23346.24,0,1,1
2019-01-03,22686.22,0,1,1
2019-01-04,23433.16,0,1,1
2019-01-07,23531.35,0,1,1
2019-01-08,23787.45,0,1,1
2019-01-09,23879.12,0,1,1
2019-01-10,24001.92,0,1,1
2019-01-11,23995.95,0,1,1
2019-01-14,23909.84,0,1,1
2019-01-15,24065.59,0,1,1
2019-01-16,24207.16,0,1,1
2019-01-17,24370.1,0,0,0
2019-01-18,24706.35,0,0,0
2019-01-22,24404.48,0,0,0
2019-01-23,24575.62,0,0,0
2019-01-24,24553.24,0,0,0
2019-01-25,24737.2,0,0,0
2019-01-28,24528.22,0,0,0
2019-01-29,24579.96,0,0,0
2019-01-30,25014.86,0,0,0
2019-01-31,24999.67,0,0,0
2019-02-01,25063.89,0,0,0
2019-02-04,25239.37,0,0,0
2019-02-05,25411.52,0,0,0
2019-02-06,25390.3,0,0,0
2019-02-07,25169.53,0,0,0
2019-02-08,25106.33,0,0,0
2019-02-11,25053.11,0,0,0
2019-02-12,25425.76,0,0,0
2019-02-13,25543.27,0,0,0
2019-02-14,25439.39,0,0,0
2019-02-15,25883.25,0,0,0
2019-02-19,25891.32,0,0,0
2019-02-20,25954.44,0,0,0
2019-02-21,25850.63,0,0,0
2019-02-22,26031.81,0,0,0
2019-02-25,26091.95,0,0,0
2019-02-26,26057.98,0,0,0
2019-02-27,25985.16,0,0,0
2019-02-28,25916.0,0,0,0
2019-03-01,26026.32,0,0,0
2019-03-04,25819.65,0,0,0
2019-03-05,25806.63,0,0,0
2019-03-06,25673.46,0,0,0
2019-03-07,25473.23,0,0,0
2019-03-08,25450.24,0,0,0
2019-03-11,25650.88,0,0,0
2019-03-12,25554.66,0,0,0
2019-03-13,25702.89,0,0,0
2019-03-14,25709.94,0,0,0
2019-03-15,25848.87,0,0,0
2019-03-18,25914.1,0,0,0
2019-03-19,25887.38,0,0,0
2019-03-20,25745.67,0,0,0
2019-03-21,25962.51,0,0,0
2019-03-22,25502.32,0,0,0
2019-03-25,25516.83,0,0,0
2019-03-26,25657.73,0,0,0
2019-03-27,25625.59,0,0,0
2019-03-28,25717.46,0,0,0
2019-03-29,25928.68,0,0,0
2019-04-01,26258.42,0,0,0
2019-04-02,26179.13,0,0,0
2019-04-03,26218.13,0,0,0
2019-04-04,26384.63,0,0,0
2019-04-05,26424.99,0,0,0
2019-04-08,26341.02,0,0,0
2019-04-09,26150.58,0,0,0
2019-04-10,26157.16,0,0,0
2019-04-11,26143.05,0,0,0
2019-04-12,26412.3,0,0,0
2019-04-15,26384.77,0,0,0
2019-04-16,26452.66,0,0,0
2019-04-17,26449.54,0,0,0
2019-04-18,26559.54,0,0,0
2019-04-22,26511.05,0,0,0
2019-04-23,26656.39,0,0,0
2019-04-24,26597.05,0,0,0
2019-04-25,26462.08,0,0,0
2019-04-26,26543.33,0,0,0
2019-04-29,26554.39,0,0,0
2019-04-30,26592.91,0,0,0
2019-05-01,26430.14,0,0,0
2019-05-02,26307.79,0,0,0
2019-05-03,26504.95,0,0,0
2019-05-06,26438.48,0,0,0
2019-05-07,25965.09,0,0,0
2019-05-08,25967.33,0,0,0
2019-05-09,25828.36,0,0,0
2019-05-10,25942.37,0,0,0
2019-05-13,25324.99,0,0,0
2019-05-14,25532.05,0,0,0
2019-05-15,25648.02,0,0,0
2019-05-16,25862.68,0,0,0
2019-05-17,25764.0,0,0,0
2019-05-20,25679.9,0,0,0
2019-05-21,25877.33,0,0,0
2019-05-22,25776.61,0,0,0
2019-05-23,25490.47,0,0,0
2019-05-24,25585.69,0,0,0
2019-05-28,25347.77,0,0,0
2019-05-29,25126.41,0,0,0
2019-05-30,25169.88,0,0,0
2019-05-31,24815.04,0,1,1
2019-06-03,24819.78,0,1,1
2019-06-04,25332.18,0,0,0
2019-06-05,25539.57,0,0,0
2019-06-06,25720.66,0,0,0
2019-06-07,25983.94,0,0,0
2019-06-10,26062.68,0,0,0
2019-06-11,26048.51,0,0,0
2019-06-12,26004.83,0,0,0
2019-06-13,26106.77,0,0,0
2019-06-14,26089.61,0,0,0
2019-06-17,26112.53,0,0,0
2019-06-18,26465.54,0,0,0
2019-06-19,26504.0,0,0,0
2019-06-20,26753.17,0,0,0
2019-06-21,26719.13,0,0,0
2019-06-24,26727.54,0,0,0
2019-06-25,26548.22,0,0,0
2019-06-26,26536.82,0,0,0
2019-06-27,26526.58,0,0,0
2019-06-28,26599.96,0,0,0
2019-07-01,26717.43,0,0,0
2019-07-02,26786.68,0,0,0
2019-07-03,26966.0,0,1,1
2019-07-05,26922.12,0,0,0
2019-07-08,26806.14,0,0,0
2019-07-09,26783.49,0,0,0
2019-07-10,26860.2,0,0,0
2019-07-11,27088.08,0,0,0
2019-07-12,27332.03,0,0,0
2019-07-15,27359.16,0,0,0
2019-07-16,27335.63,0,0,0
2019-07-17,27219.85,0,0,0
2019-07-18,27222.97,0,0,0
2019-07-19,27154.2,0,0,0
2019-07-22,27171.9,0,0,0
2019-07-23,27349.19,0,0,0
2019-07-24,27269.97,0,0,0
2019-07-25,27140.98,0,0,0
2019-07-26,27192.45,0,0,0
2019-07-29,27221.35,0,0,0
2019-07-30,27198.02,0,0,0
2019-07-31,26864.27,0,0,0
2019-08-01,26583.42,0,0,0
2019-08-02,26485.01,0,0,0
2019-08-05,25717.74,0,0,0
2019-08-06,26029.52,0,0,0
2019-08-07,26007.07,0,0,0
2019-08-08,26378.19,0,0,0
2019-08-09,26287.44,0,0,0
2019-08-12,25896.44,0,0,0
2019-08-13,26279.91,0,0,0
2019-08-14,25479.42,0,1,1
2019-08-15,25579.39,0,1,1
2019-08-16,25886.01,0,0,0
2019-08-19,26135.79,0,0,0
2019-08-20,25962.44,0,0,0
2019-08-21,26202.73,0,0,0
2019-08-22,26252.24,0,0,0
2019-08-23,25628.9,0,1,1
2019-08-26,25898.83,0,1,1
2019-08-27,25777.9,0,1,1
2019-08-28,26036.1,0,0,0
2019-08-29,26362.25,0,0,0
2019-08-30,26403.28,0,0,0
2019-09-03,26118.02,0,0,0
2019-09-04,26355.47,0,0,0
2019-09-05,26728.15,0,0,0
2019-09-06,26797.46,0,0,0
2019-09-09,26835.51,0,0,0
2019-09-10,26909.43,0,0,0
2019-09-11,27137.04,0,0,0
2019-09-12,27182.45,0,0,0
2019-09-13,27219.52,0,0,0
2019-09-16,27076.82,0,0,0
2019-09-17,27110.8,0,0,0
2019-09-18,27147.08,0,0,0
2019-09-19,27094.79,0,0,0
2019-09-20,26935.07,0,0,0
2019-09-23,26949.99,0,0,0
2019-09-24,26807.77,0,0,0
2019-09-25,26970.71,0,0,0
2019-09-26,26891.12,0,0,0
2019-09-27,26820.25,0,0,0
2019-09-30,26916.83,0,0,0
2019-10-01,26573.04,0,0,0
2019-10-02,26078.62,0,0,0
2019-10-03,26201.04,0,0,0
2019-10-04,26573.72,0,0,0
2019-10-07,26478.02,0,0,0
2019-10-08,26164.04,0,0,0
2019-10-09,26346.01,0,0,0
2019-10-10,26496.67,0,0,0
2019-10-11,26816.59,0,0,0
2019-10-14,26787.36,0,0,0
2019-10-15,27024.8,0,0,0
2019-10-16,27001.98,0,0,0
2019-10-17,27025.88,0,0,0
2019-10-18,26770.2,0,0,0
2019-10-21,26827.64,0,0,0
2019-10-22,26788.1,0,0,0
2019-10-23,26833.95,0,0,0
2019-10-24,26805.53,0,0,0
2019-10-25,26958.06,0,0,0
2019-10-28,27090.72,0,0,0
2019-10-29,27071.46,0,0,0
2019-10-30,27186.69,0,0,0
2019-10-31,27046.23,0,0,0
2019-11-01,27347.36,0,0,0
2019-11-04,27462.11,0,0,0
2019-11-05,27492.63,0,0,0
2019-11-06,27492.56,0,0,0
2019-11-07,27674.8,0,0,0
2019-11-08,27681.24,0,0,0
2019-11-11,27691.49,0,0,0
2019-11-12,27691.49,0,0,0
2019-11-13,27783.59,0,0,0
2019-11-14,27781.96,0,0,0
2019-11-15,28004.89,0,0,0
2019-11-18,28036.22,0,0,0
2019-11-19,27934.02,0,0,0
2019-11-20,27821.09,0,0,0
2019-11-21,27766.29,0,0,0
2019-11-22,27875.62,0,0,0
2019-11-25,28066.47,0,0,0
2019-11-26,28121.68,0,0,0
2019-11-27,28164.0,0,0,0
2019-11-29,28051.41,0,0,0
2019-12-02,27783.04,0,0,0
2019-12-03,27502.81,0,0,0
2019-12-04,27649.78,0,0,0
2019-12-05,27677.79,0,0,0
2019-12-06,28015.06,0,0,0
2019-12-09,27909.6,0,0,0
2019-12-10,27881.72,0,0,0
2019-12-11,27911.3,0,0,0
2019-12-12,28132.05,0,0,0
2019-12-13,28135.38,0,0,0
2019-12-16,28235.89,0,0,0
2019-12-17,28267.16,0,0,0
2019-12-18,28239.28,0,0,0
2019-12-19,28376.96,0,0,0
2019-12-20,28455.09,0,0,0
2019-12-23,28551.53,0,0,0
2019-12-24,28515.45,0,0,0
2019-12-26,28621.39,0,0,0
2019-12-27,28645.26,0,0,0
2019-12-30,28462.14,0,0,0
2019-12-31,28538.44,0,0,0
2020-01-02,28868.8,0,0,0
2020-01-03,28634.88,0,0,0
2020-01-06,28703.38,0,0,0
2020-01-07,28583.68,0,0,0
2020-01-08,28745.09,0,0,0
2020-01-09,28956.9,0,0,0
2020-01-10,28823.77,0,0,0
2020-01-13,28907.05,0,0,0
2020-01-14,28939.67,0,0,0
2020-01-15,29030.22,0,0,0
2020-01-16,29297.64,0,1,1
2020-01-17,29348.1,0,1,1
2020-01-21,29196.04,0,1,1
2020-01-22,29186.27,0,1,1
2020-01-23,29160.09,0,1,1
2020-01-24,28989.73,0,1,1
2020-01-27,28535.8,0,0,0
2020-01-28,28722.85,0,0,0
2020-01-29,28734.45,0,1,1
2020-01-30,28859.44,0,1,1
2020-01-31,28256.03,0,0,0
2020-02-03,28399.81,0,0,0
2020-02-04,28807.63,0,1,1
2020-02-05,29290.85,0,1,1
2020-02-06,29379.77,0,1,1
2020-02-07,29102.51,0,1,1
2020-02-10,29276.82,0,1,1
2020-02-11,29276.34,0,1,1
2020-02-12,29551.42,0,1,1
2020-02-13,29423.31,0,1,1
2020-02-14,29398.08,0,1,1
2020-02-18,29232.19,0,1,1
2020-02-19,29348.03,0,1,1
2020-02-20,29219.98,0,1,1
2020-02-21,28992.41,0,1,1
2020-02-24,27960.8,0,1,1
2020-02-25,27081.36,0,0,0
2020-02-26,26957.59,0,0,0
2020-02-27,25766.64,0,0,0
2020-02-28,25409.36,0,0,0
2020-03-02,26703.32,0,1,1
2020-03-03,25917.41,0,0,0
2020-03-04,27090.86,0,1,1
2020-03-05,26121.28,0,0,0
2020-03-06,25864.78,0,0,0
2020-03-09,23851.02,0,0,0
2020-03-10,25018.16,0,0,0
2020-03-11,23553.22,0,0,0
2020-03-12,21200.62,0,1,1
2020-03-13,23185.62,0,0,0
2020-03-16,20188.52,0,1,1
2020-03-17,21237.38,0,1,1
2020-03-18,19898.92,0,1,1
2020-03-19,20087.19,0,1,1
2020-03-20,19173.98,1,1,1
2020-03-23,18591.93,1,1,1
2020-03-24,20704.91,1,1,1
2020-03-25,21200.55,1,1,1
2020-03-26,22552.17,0,0,0
2020-03-27,21636.78,1,1,1
2020-03-30,22327.48,0,1,1
2020-03-31,21917.16,0,1,1
2020-04-01,20943.51,1,1,1
2020-04-02,21413.44,1,1,1
2020-04-03,21052.53,1,1,1
2020-04-06,22679.99,1,1,1
2020-04-07,22653.86,1,1,1
2020-04-08,23433.57,1,0,1
2020-04-09,23719.37,1,0,1
2020-04-13,23390.77,1,1,1
2020-04-14,23949.76,0,0,0
2020-04-15,23504.35,0,1,1
2020-04-16,23537.68,0,1,1
2020-04-17,24242.49,0,0,0
2020-04-20,23650.44,0,1,1
2020-04-21,23018.88,0,1,1
2020-04-22,23475.82,0,1,1
2020-04-23,23515.26,0,1,1
2020-04-24,23775.27,0,1,1
2020-04-27,24133.78,0,0,0
2020-04-28,24101.55,0,0,0
2020-04-29,24633.86,0,0,0
2020-04-30,24345.72,0,0,0
2020-05-01,23723.69,0,0,0
2020-05-04,23749.76,0,0,0
2020-05-05,23883.09,0,0,0
2020-05-06,23664.64,0,0,0
2020-05-07,23875.89,0,0,0
2020-05-08,24331.32,0,0,0
2020-05-11,24221.99,0,0,0
2020-05-12,23764.78,0,0,0
2020-05-13,23247.97,0,1,1
2020-05-14,23625.34,0,0,0
2020-05-15,23685.42,0,0,0
2020-05-18,24597.37,0,0,0
2020-05-19,24206.86,0,0,0
2020-05-20,24575.9,0,0,0
2020-05-21,24474.12,0,0,0
2020-05-22,24465.16,0,0,0
2020-05-26,24995.11,0,0,0
2020-05-27,25548.27,0,0,0
2020-05-28,25400.64,0,0,0
2020-05-29,25383.11,0,0,0
2020-06-01,25475.02,0,0,0
2020-06-02,25742.65,0,0,0
2020-06-03,26269.89,0,0,0
2020-06-04,26281.82,0,0,0
2020-06-05,27110.98,0,1,1
2020-06-08,27572.44,0,1,1
2020-06-09,27272.3,0,1,1
2020-06-10,26989.99,0,1,1
2020-06-11,25128.17,0,0,0
2020-06-12,25605.54,0,0,0
2020-06-15,25763.16,0,0,0
2020-06-16,26289.98,0,0,0
2020-06-17,26119.61,0,0,0
2020-06-18,26080.1,0,0,0
2020-06-19,25871.46,0,0,0
2020-06-22,26024.96,0,0,0
2020-06-23,26156.1,0,0,0
2020-06-24,25445.94,0,0,0
2020-06-25,25745.6,0,0,0
2020-06-26,25015.55,0,0,0
2020-06-29,25595.8,0,0,0
2020-06-30,25812.88,0,0,0
2020-07-01,25734.97,0,0,0
2020-07-02,25827.36,0,0,0
2020-07-06,26287.03,0,0,0
2020-07-07,25890.18,0,0,0
2020-07-08,26067.28,0,0,0
2020-07-09,25706.09,0,0,0
2020-07-10,26075.3,0,0,0
2020-07-13,26085.8,0,0,0
2020-07-14,26642.59,0,0,0
2020-07-15,26870.1,0,0,0
2020-07-16,26734.71,0,0,0
2020-07-17,26671.95,0,0,0
2020-07-20,26680.87,0,0,0
2020-07-21,26840.4,0,0,0
2020-07-22,27005.84,0,0,0
2020-07-23,26652.33,0,0,0
2020-07-24,26469.89,0,0,0
2020-07-27,26584.77,0,0,0
2020-07-28,26379.28,0,0,0
2020-07-29,26539.57,0,0,0
2020-07-30,26313.65,0,0,0
2020-07-31,26428.32,0,0,0
2020-08-03,26664.4,0,0,0
2020-08-04,26828.47,0,0,0
2020-08-05,27201.52,0,0,0
2020-08-06,27386.98,0,0,0
2020-08-07,27433.48,0,0,0
2020-08-10,27791.44,0,0,0
2020-08-11,27686.91,0,0,0
2020-08-12,27976.84,0,0,0
2020-08-13,27896.72,0,0,0
2020-08-14,27931.02,0,0,0
2020-08-17,27844.91,0,0,0
2020-08-18,27778.07,0,0,0
2020-08-19,27692.88,0,0,0
2020-08-20,27739.73,0,0,0
2020-08-21,27930.33,0,0,0
2020-08-24,28308.46,0,0,0
2020-08-25,28248.44,0,0,0
2020-08-26,28331.92,0,0,0
2020-08-27,28492.27,0,0,0
2020-08-28,28653.87,0,0,0
2020-08-31,28430.05,0,0,0
2020-09-01,28645.66,0,1,1
2020-09-02,29100.5,0,1,1
2020-09-03,28292.73,0,0,0
2020-09-04,28133.31,0,0,0
2020-09-08,27500.89,0,0,0
2020-09-09,27940.47,0,0,0
2020-09-10,27534.58,0,0,0
2020-09-11,27665.64,0,0,0
2020-09-14,27993.33,0,0,0
2020-09-15,27995.6,0,0,0
2020-09-16,28032.38,0,0,0
2020-09-17,27901.98,0,0,0
2020-09-18,27657.42,0,0,0
2020-09-21,27147.7,0,0,0
2020-09-22,27288.18,0,0,0
2020-09-23,26763.13,0,0,0
2020-09-24,26815.44,0,0,0
2020-09-25,27173.96,0,0,0
2020-09-28,27584.06,0,0,0
2020-09-29,27452.66,0,0,0
2020-09-30,27781.7,0,0,0
2020-10-01,27816.9,0,0,0
2020-10-02,27682.81,0,0,0
2020-10-05,28148.64,0,0,0
2020-10-06,27772.76,0,0,0
2020-10-07,28303.46,0,0,0
2020-10-08,28425.51,0,0,0
2020-10-09,28586.9,0,1,1
2020-10-12,28837.52,0,1,1
2020-10-13,28679.81,0,1,1
2020-10-14,28514.0,0,0,0
2020-10-15,28494.2,0,0,0
2020-10-16,28606.31,0,0,0
2020-10-19,28195.42,0,0,0
2020-10-20,28308.79,0,0,0
2020-10-21,28210.82,0,0,0
2020-10-22,28363.66,0,0,0
2020-10-23,28335.57,0,0,0
2020-10-26,27685.38,0,0,0
2020-10-27,27463.19,0,0,0
2020-10-28,26519.95,0,1,1
2020-10-29,26659.11,0,1,1
2020-10-30,26501.6,0,1,1
2020-11-02,26925.05,0,1,1
2020-11-03,27480.03,0,1,1
2020-11-04,27847.66,0,0,0
2020-11-05,28390.18,0,0,0
2020-11-06,28323.4,0,0,0
2020-11-09,29157.97,0,0,0
2020-11-10,29420.92,0,0,0
2020-11-11,29397.63,0,0,0
2020-11-12,29080.17,0,0,0
2020-11-13,29479.81,0,0,0
2020-11-16,29950.44,0,0,0
2020-11-17,29783.35,0,0,0
2020-11-18,29438.42,0,0,0
2020-11-19,29483.23,0,0,0
2020-11-20,29263.48,0,0,0
2020-11-23,29591.27,0,0,0
2020-11-24,30046.24,0,0,0
2020-11-25,29872.47,0,0,0
2020-11-27,29910.37,0,0,0
2020-11-30,29638.64,0,0,0
2020-12-01,29823.92,0,0,0
2020-12-02,29883.79,0,0,0
2020-12-03,29969.52,0,0,0
2020-12-04,30218.26,0,0,0
2020-12-07,30069.79,0,0,0
2020-12-08,30173.88,0,0,0
2020-12-09,30068.81,0,0,0
2020-12-10,29999.26,0,0,0
2020-12-11,30046.37,0,0,0
2020-12-14,29861.55,0,0,0
2020-12-15,30199.31,0,0,0
2020-12-16,30154.54,0,0,0
2020-12-17,30303.37,0,0,0
2020-12-18,30179.05,0,0,0
2020-12-21,30216.45,0,0,0
2020-12-22,30015.51,0,0,0
2020-12-23,30129.83,0,0,0
2020-12-24,30199.87,0,0,0
2020-12-28,30403.97,0,0,0
2020-12-29,30335.67,0,0,0
2020-12-30,30409.56,0,0,0
2020-12-31,30606.48,0,0,0
2021-01-04,30223.89,0,0,0
2021-01-05,30391.6,0,0,0
2021-01-06,30829.4,0,0,0
2021-01-07,31041.13,0,0,0
2021-01-08,31097.97,0,0,0
2021-01-11,31008.69,0,0,0
2021-01-12,31068.69,0,0,0
2021-01-13,31060.47,0,0,0
2021-01-14,30991.52,0,0,0
2021-01-15,30814.26,0,0,0
2021-01-19,30930.52,0,0,0
2021-01-20,31188.38,0,0,0
2021-01-21,31176.01,0,0,0
2021-01-22,30996.98,0,0,0
2021-01-25,30960.0,0,0,0
2021-01-26,30937.04,0,0,0
2021-01-27,30303.17,0,1,1
2021-01-28,30603.36,0,1,1
2021-01-29,29982.62,0,1,1
2021-02-01,30211.91,0,1,1
2021-02-02,30687.48,0,1,1
2021-02-03,30723.6,0,1,1
2021-02-04,31055.86,0,0,0
2021-02-05,31148.24,0,0,0
2021-02-08,31385.76,0,0,0
2021-02-09,31375.83,0,0,0
2021-02-10,31437.8,0,0,0
2021-02-11,31430.7,0,0,0
2021-02-12,31458.4,0,0,0
2021-02-16,31522.75,0,0,0
2021-02-17,31613.02,0,0,0
2021-02-18,31493.34,0,0,0
2021-02-19,31494.32,0,0,0
2021-02-22,31521.69,0,0,0
2021-02-23,31537.35,0,0,0
2021-02-24,31961.86,0,0,0
2021-02-25,31402.01,0,0,0
2021-02-26,30932.37,0,1,1
2021-03-01,31535.51,0,0,0
2021-03-02,31391.52,0,0,0
2021-03-03,31270.09,0,0,0
2021-03-04,30924.14,0,0,0
2021-03-05,31496.3,0,0,0
2021-03-08,31802.44,0,0,0
2021-03-09,31832.74,0,0,0
2021-03-10,32297.02,0,0,0
2021-03-11,32485.59,0,0,0
2021-03-12,32778.64,0,1,1
2021-03-15,32953.46,0,1,1
2021-03-16,32825.95,0,0,0
2021-03-17,33015.37,0,1,1
2021-03-18,32862.3,0,0,0
2021-03-19,32627.97,0,0,0
2021-03-22,32731.2,0,0,0
2021-03-23,32423.15,0,0,0
2021-03-24,32420.06,0,0,0
2021-03-25,32619.48,0,0,0
2021-03-26,33072.88,0,0,0
2021-03-29,33171.37,0,0,0
2021-03-30,33066.96,0,0,0
2021-03-31,32981.55,0,0,0
2021-04-01,33153.21,0,0,0
2021-04-05,33527.19,0,0,0
2021-04-06,33430.24,0,0,0
2021-04-07,33446.26,0,0,0
2021-04-08,33503.57,0,0,0
2021-04-09,33800.6,0,0,0
2021-04-12,33745.4,0,0,0
2021-04-13,33677.27,0,0,0
2021-04-14,33730.89,0,0,0
2021-04-15,34035.99,0,0,0
2021-04-16,34200.67,0,0,0
2021-04-19,34077.63,0,0,0
2021-04-20,33821.3,0,0,0
2021-04-21,34137.31,0,0,0
2021-04-22,33815.9,0,0,0
2021-04-23,34043.49,0,0,0
2021-04-26,33981.57,0,0,0
2021-04-27,33984.93,0,0,0
2021-04-28,33820.38,0,0,0
2021-04-29,34060.36,0,0,0
2021-04-30,33874.85,0,0,0
2021-05-03,34113.23,0,0,0
2021-05-04,34133.03,0,0,0
2021-05-05,34230.34,0,0,0
2021-05-06,34548.53,0,0,0
2021-05-07,34777.76,0,1,1
2021-05-10,34742.82,0,1,1
2021-05-11,34269.16,0,0,0
2021-05-12,33587.66,0,0,0
2021-05-13,34021.45,0,0,0
2021-05-14,34382.13,0,0,0
2021-05-17,34327.79,0,0,0
2021-05-18,34060.66,0,0,0
2021-05-19,33896.04,0,0,0
2021-05-20,34084.15,0,0,0
2021-05-21,34207.84,0,0,0
2021-05-24,34393.98,0,0,0
2021-05-25,34312.46,0,0,0
2021-05-26,34323.05,0,0,0
2021-05-27,34464.64,0,0,0
2021-05-28,34529.45,0,0,0
2021-06-01,34575.31,0,0,0
2021-06-02,34600.38,0,0,0
2021-06-03,34577.04,0,0,0
2021-06-04,34756.39,0,0,0
2021-06-07,34630.24,0,0,0
2021-06-08,34599.82,0,0,0
2021-06-09,34447.14,0,0,0
2021-06-10,34466.24,0,0,0
2021-06-11,34479.6,0,0,0
2021-06-14,34393.75,0,0,0
2021-06-15,34299.33,0,0,0
2021-06-16,34033.67,0,0,0
2021-06-17,33823.45,0,0,0
2021-06-18,33290.08,0,0,0
2021-06-21,33876.97,0,0,0
2021-06-22,33945.58,0,0,0
2021-06-23,33874.24,0,0,0
2021-06-24,34196.82,0,0,0
2021-06-25,34433.84,0,0,0
2021-06-28,34283.27,0,0,0
2021-06-29,34292.29,0,0,0
2021-06-30,34502.51,0,0,0
2021-07-01,34633.53,0,0,0
2021-07-02,34786.35,0,0,0
2021-07-06,34577.37,0,0,0
2021-07-07,34681.79,0,0,0
2021-07-08,34421.93,0,0,0
2021-07-09,34870.16,0,0,0
2021-07-12,34996.18,0,0,0
2021-07-13,34888.79,0,0,0
2021-07-14,34933.23,0,0,0
2021-07-15,34987.02,0,0,0
2021-07-16,34687.85,0,0,0
2021-07-19,33962.04,0,0,0
2021-07-20,34511.99,0,0,0
2021-07-21,34798.0,0,0,0
2021-07-22,34823.35,0,0,0
2021-07-23,35061.55,0,0,0
2021-07-26,35144.31,0,0,0
2021-07-27,35058.52,0,0,0
2021-07-28,34930.93,0,0,0
2021-07-29,35084.53,0,0,0
2021-07-30,34935.47,0,0,0
2021-08-02,34838.16,0,0,0
2021-08-03,35116.4,0,0,0
2021-08-04,34792.67,0,0,0
2021-08-05,35064.25,0,0,0
2021-08-06,35208.51,0,0,0
2021-08-09,35101.85,0,0,0
2021-08-10,35264.67,0,0,0
2021-08-11,35484.97,0,0,0
2021-08-12,35499.85,0,0,0
2021-08-13,35515.38,0,0,0
2021-08-16,35625.4,0,0,0
2021-08-17,35343.28,0,0,0
2021-08-18,34960.69,0,0,0
2021-08-19,34894.12,0,0,0
2021-08-20,35120.08,0,0,0
2021-08-23,35335.71,0,0,0
2021-08-24,35366.26,0,0,0
2021-08-25,35405.5,0,0,0
2021-08-26,35213.12,0,0,0
2021-08-27,35455.8,0,0,0
2021-08-30,35399.84,0,0,0
2021-08-31,35360.73,0,0,0
2021-09-01,35312.53,0,0,0
2021-09-02,35443.82,0,0,0
2021-09-03,35369.09,0,0,0
2021-09-07,35100.0,0,0,0
2021-09-08,35031.07,0,0,0
2021-09-09,34879.38,0,0,0
2021-09-10,34607.72,0,0,0
2021-09-13,34869.63,0,0,0
2021-09-14,34577.57,0,0,0
2021-09-15,34814.39,0,0,0
2021-09-16,34751.32,0,0,0
2021-09-17,34584.88,0,0,0
2021-09-20,33970.47,0,0,0
2021-09-21,33919.84,0,0,0
2021-09-22,34258.32,0,0,0
2021-09-23,34764.82,0,0,0
2021-09-24,34798.0,0,0,0
2021-09-27,34869.37,0,0,0
2021-09-28,34299.99,0,0,0
2021-09-29,34390.72,0,0,0
2021-09-30,33843.92,0,0,0
2021-10-01,34326.46,0,0,0
2021-10-04,34002.92,0,0,0
2021-10-05,34314.67,0,0,0
2021-10-06,34416.99,0,0,0
2021-10-07,34754.94,0,0,0
2021-10-08,34746.25,0,0,0
2021-10-11,34496.06,0,0,0
2021-10-12,34378.34,0,0,0
2021-10-13,34377.81,0,0,0
2021-10-14,34912.56,0,0,0
2021-10-15,35294.76,0,0,0
2021-10-18,35258.61,0,0,0
2021-10-19,35457.31,0,0,0
2021-10-20,35609.34,0,0,0
2021-10-21,35603.08,0,0,0
2021-10-22,35677.02,0,0,0
2021-10-25,35741.15,0,0,0
2021-10-26,35756.88,0,0,0
2021-10-27,35490.69,0,0,0
2021-10-28,35730.48,0,0,0
2021-10-29,35819.56,0,0,0
2021-11-01,35913.84,0,0,0
2021-11-02,36052.63,0,0,0
2021-11-03,36157.58,0,0,0
2021-11-04,36124.23,0,0,0
2021-11-05,36327.95,0,0,0
2021-11-08,36432.22,0,0,0
2021-11-09,36319.98,0,0,0
2021-11-10,36079.94,0,0,0
2021-11-11,35921.23,0,0,0
2021-11-12,36100.31,0,0,0
2021-11-15,36087.45,0,0,0
2021-11-16,36142.22,0,0,0
2021-11-17,35931.05,0,0,0
2021-11-18,35870.95,0,0,0
2021-11-19,35601.98,0,0,0
2021-11-22,35619.25,0,0,0
2021-11-23,35813.8,0,0,0
2021-11-24,35804.38,0,0,0
2021-11-26,34899.34,0,0,0
2021-11-29,35135.94,0,0,0
2021-11-30,34483.72,0,1,1
2021-12-01,34022.04,0,1,1
2021-12-02,34639.79,0,1,1
2021-12-03,34580.08,0,1,1
2021-12-06,35227.03,0,0,0
2021-12-07,35719.43,0,0,0
2021-12-08,35754.75,0,0,0
2021-12-09,35754.69,0,0,0
2021-12-10,35970.99,0,0,0
2021-12-13,35650.95,0,0,0
2021-12-14,35544.18,0,0,0
2021-12-15,35927.43,0,0,0
2021-12-16,35897.64,0,0,0
2021-12-17,35365.44,0,0,0
2021-12-20,34932.16,0,0,0
2021-12-21,35492.7,0,0,0
2021-12-22,35753.89,0,0,0
2021-12-23,35950.56,0,0,0
2021-12-27,36302.38,0,0,0
2021-12-28,36398.21,0,0,0
2021-12-29,36488.63,0,1,1
2021-12-30,36398.08,0,0,0
2021-12-31,36338.3,0,0,0
2022-01-03,36585.06,0,1,1
2022-01-04,36799.65,0,1,1
2022-01-05,36407.11,0,0,0
2022-01-06,36236.47,0,0,0
2022-01-07,36231.66,0,0,0
2022-01-10,36068.87,0,0,0
2022-01-11,36252.02,0,0,0
2022-01-12,36290.32,0,0,0
2022-01-13,36113.62,0,0,0
2022-01-14,35911.81,0,0,0
2022-01-18,35368.47,0,0,0
2022-01-19,35028.65,0,0,0
2022-01-20,34715.39,0,0,0
2022-01-21,34265.37,0,0,0
2022-01-24,34364.5,0,0,0
2022-01-25,34297.73,0,0,0
2022-01-26,34168.09,0,0,0
2022-01-27,34160.78,0,0,0
2022-01-28,34725.47,0,0,0
2022-01-31,35131.86,0,0,0
2022-02-01,35405.24,0,0,0
2022-02-02,35629.33,0,0,0
2022-02-03,35111.16,0,0,0
2022-02-04,35089.74,0,0,0
2022-02-07,35091.13,0,0,0
2022-02-08,35462.78,0,0,0
2022-02-09,35768.06,0,0,0
2022-02-10,35241.59,0,0,0
2022-02-11,34738.06,0,0,0
2022-02-14,34566.17,0,0,0
2022-02-15,34988.84,0,0,0
2022-02-16,34934.27,0,0,0
2022-02-17,34312.03,0,0,0
2022-02-18,34079.18,0,0,0
2022-02-22,33596.61,0,1,1
2022-02-23,33131.76,0,1,1
2022-02-24,33223.83,0,1,1
2022-02-25,34058.75,0,0,0
2022-02-28,33892.6,0,0,0
2022-03-01,33294.95,0,0,0
2022-03-02,33891.35,0,0,0
2022-03-03,33794.66,0,0,0
2022-03-04,33614.8,0,0,0
2022-03-07,32817.38,0,0,0
2022-03-08,32632.64,0,0,0
2022-03-09,33286.25,0,0,0
2022-03-10,33174.07,0,0,0
2022-03-11,32944.19,0,0,0
2022-03-14,32945.24,0,0,0
2022-03-15,33544.34,0,0,0
2022-03-16,34063.1,0,1,1
2022-03-17,34480.76,0,1,1
2022-03-18,34754.93,0,1,1
2022-03-21,34552.99,0,1,1
2022-03-22,34807.46,0,1,1
2022-03-23,34358.5,0,1,1
2022-03-24,34707.94,0,1,1
2022-03-25,34861.24,0,1,1
2022-03-28,34955.89,0,1,1
2022-03-29,35294.19,0,1,1
2022-03-30,35228.81,0,1,1
2022-03-31,34678.35,0,1,1
2022-04-01,34818.27,0,1,1
2022-04-04,34921.88,0,1,1
2022-04-05,34641.18,0,0,0
2022-04-06,34496.51,0,0,0
2022-04-07,34583.57,0,0,0
2022-04-08,34721.12,0,1,1
2022-04-11,34308.08,0,0,0
2022-04-12,34220.36,0,0,0
2022-04-13,34564.59,0,0,0
2022-04-14,34451.23,0,0,0
2022-04-18,34411.69,0,0,0
2022-04-19,34911.2,0,1,1
2022-04-20,35160.79,0,1,1
2022-04-21,34792.76,0,1,1
2022-04-22,33811.4,0,0,0
2022-04-25,34049.46,0,0,0
2022-04-26,33240.18,0,0,0
2022-04-27,33301.93,0,0,0
2022-04-28,33916.39,0,0,0
2022-04-29,32977.21,0,0,0
2022-05-02,33061.5,0,0,0
2022-05-03,33128.79,0,0,0
2022-05-04,34061.06,0,1,1
2022-05-05,32997.97,0,0,0
2022-05-06,32899.37,0,0,0
2022-05-09,32245.7,0,0,0
2022-05-10,32160.74,0,0,0
2022-05-11,31834.11,0,0,0
2022-05-12,31730.3,0,0,0
2022-05-13,32196.66,0,0,0
2022-05-16,32223.42,0,0,0
2022-05-17,32654.59,0,0,0
2022-05-18,31490.07,0,0,0
2022-05-19,31253.13,0,1,1
2022-05-20,31261.9,0,1,1
2022-05-23,31880.24,0,0,0
2022-05-24,31928.62,0,0,0
2022-05-25,32120.28,0,0,0
2022-05-26,32637.19,0,0,0
2022-05-27,33212.96,0,0,0
2022-05-31,32990.12,0,0,0
2022-06-01,32813.23,0,0,0
2022-06-02,33248.28,0,0,0
2022-06-03,32899.7,0,0,0
2022-06-06,32915.78,0,0,0
2022-06-07,33180.14,0,0,0
2022-06-08,32910.9,0,0,0
2022-06-09,32272.79,0,0,0
2022-06-10,31392.79,0,1,1
2022-06-13,30516.74,0,1,1
2022-06-14,30364.83,0,1,1
2022-06-15,30668.53,0,1,1
2022-06-16,29927.07,0,1,1
2022-06-17,29888.78,0,1,1
2022-06-21,30530.25,0,1,1
2022-06-22,30483.13,0,1,1
2022-06-23,30677.36,0,1,1
2022-06-24,31500.68,0,0,0
2022-06-27,31438.26,0,0,0
2022-06-28,30946.99,0,0,0
2022-06-29,31029.31,0,0,0
2022-06-30,30775.43,0,1,1
2022-07-01,31097.26,0,0,0
2022-07-05,30967.82,0,0,0
2022-07-06,31037.68,0,0,0
2022-07-07,31384.55,0,0,0
2022-07-08,31338.15,0,0,0
2022-07-11,31173.84,0,0,0
2022-07-12,30981.33,0,1,1
2022-07-13,30772.79,0,1,1
2022-07-14,30630.17,0,1,1
2022-07-15,31288.26,0,0,0
2022-07-18,31072.61,0,1,1
2022-07-19,31827.05,0,0,0
2022-07-20,31874.84,0,0,0
2022-07-21,32036.9,0,0,0
2022-07-22,31899.29,0,0,0
2022-07-25,31990.04,0,0,0
2022-07-26,31761.54,0,0,0
2022-07-27,32197.59,0,0,0
2022-07-28,32529.63,0,0,0
2022-07-29,32845.13,0,0,0
2022-08-01,32798.4,0,0,0
2022-08-02,32396.17,0,0,0
2022-08-03,32812.5,0,0,0
2022-08-04,32726.82,0,0,0
2022-08-05,32803.47,0,0,0
2022-08-08,32832.54,0,0,0
2022-08-09,32774.41,0,0,0
2022-08-10,33309.51,0,0,0
2022-08-11,33336.67,0,0,0
2022-08-12,33761.05,0,1,1
2022-08-15,33912.44,0,1,1
2022-08-16,34152.01,0,1,1
2022-08-17,33980.32,0,1,1
2022-08-18,33999.04,0,1,1
2022-08-19,33706.74,0,0,0
2022-08-22,33063.61,0,0,0
2022-08-23,32909.59,0,0,0
2022-08-24,32969.23,0,0,0
2022-08-25,33291.78,0,0,0
2022-08-26,32283.4,0,0,0
2022-08-29,32098.99,0,0,0
2022-08-30,31790.87,0,0,0
2022-08-31,31510.43,0,0,0
2022-09-01,31656.42,0,0,0
2022-09-02,31318.44,0,1,1
2022-09-06,31145.3,0,1,1
2022-09-07,31581.28,0,0,0
2022-09-08,31774.52,0,0,0
2022-09-09,32151.71,0,0,0
2022-09-12,32381.34,0,0,0
2022-09-13,31104.97,0,0,0
2022-09-14,31135.09,0,0,0
2022-09-15,30961.82,0,0,0
2022-09-16,30822.42,0,1,1
2022-09-19,31019.68,0,0,0
2022-09-20,30706.23,0,1,1
2022-09-21,30183.78,0,1,1
2022-09-22,30076.68,0,1,1
2022-09-23,29590.41,0,1,1
2022-09-26,29260.81,0,1,1
2022-09-27,29134.99,0,1,1
2022-09-28,29683.74,0,1,1
2022-09-29,29225.61,0,1,1
2022-09-30,28725.51,0,1,1
2022-10-03,29490.89,0,1,1
2022-10-04,30316.32,0,1,1
2022-10-05,30273.87,0,1,1
2022-10-06,29926.94,0,1,1
2022-10-07,29296.79,0,1,1
2022-10-10,29202.88,0,1,1
2022-10-11,29239.19,0,1,1
2022-10-12,29210.85,0,1,1
2022-10-13,30038.72,0,1,1
2022-10-14,29634.83,0,1,1
2022-10-17,30185.82,0,1,1
2022-10-18,30523.8,0,1,1
2022-10-19,30423.81,0,1,1
2022-10-20,30333.59,0,1,1
2022-10-21,31082.56,0,0,0
2022-10-24,31499.62,0,0,0
2022-10-25,31836.74,0,0,0
2022-10-26,31839.11,0,0,0
2022-10-27,32033.28,0,0,0
2022-10-28,32861.8,0,0,0
2022-10-31,32732.95,0,0,0
2022-11-01,32653.2,0,0,0
2022-11-02,32147.76,0,0,0
2022-11-03,32001.25,0,0,0
2022-11-04,32403.22,0,0,0
2022-11-07,32827.0,0,0,0
2022-11-08,33160.83,0,0,0
2022-11-09,32513.94,0,0,0
2022-11-10,33715.37,0,0,0
2022-11-11,33747.86,0,0,0
2022-11-14,33536.7,0,0,0
2022-11-15,33592.92,0,0,0
2022-11-16,33553.83,0,0,0
2022-11-17,33546.32,0,0,0
2022-11-18,33745.69,0,0,0
2022-11-21,33700.28,0,0,0
2022-11-22,34098.1,0,0,0
2022-11-23,34194.06,0,1,1
2022-11-25,34347.03,0,1,1
2022-11-28,33849.46,0,0,0
2022-11-29,33852.53,0,0,0
2022-11-30,34589.77,0,1,1
2022-12-01,34395.01,0,1,1
2022-12-02,34429.88,0,1,1
2022-12-05,33947.1,0,0,0
2022-12-06,33596.34,0,0,0
2022-12-07,33597.92,0,0,0
2022-12-08,33781.48,0,0,0
2022-12-09,33476.46,0,0,0
2022-12-12,34005.04,0,1,1
2022-12-13,34108.64,0,1,1
2022-12-14,33966.35,0,1,1
2022-12-15,33202.22,0,0,0
2022-12-16,32920.46,0,0,0
2022-12-19,32757.54,0,0,0
2022-12-20,32849.74,0,0,0
2022-12-21,33376.48,0,0,0
2022-12-22,33027.49,0,0,0
2022-12-23,33203.93,0,0,0
2022-12-27,33241.56,0,0,0
2022-12-28,32875.71,0,0,0
2022-12-29,33220.8,0,0,0
2022-12-30,33147.25,0,0,0
2023-01-03,33136.37,0,0,0
2023-01-04,33269.77,0,0,0
2023-01-05,32930.08,0,0,0
2023-01-06,33630.61,0,0,0
2023-01-09,33517.65,0,0,0
2023-01-10,33704.1,0,0,0
2023-01-11,33973.01,0,0,0
2023-01-12,34189.97,0,0,0
2023-01-13,34302.61,0,0,0
2023-01-17,33910.85,0,0,0
2023-01-18,33296.96,0,0,0
2023-01-19,33044.56,0,0,0
2023-01-20,33375.49,0,0,0
2023-01-23,33629.56,0,0,0
2023-01-24,33733.96,0,0,0
2023-01-25,33743.84,0,0,0
2023-01-26,33949.41,0,0,0
2023-01-27,33978.08,0,0,0
2023-01-30,33717.09,0,0,0
2023-01-31,34086.04,0,0,0
2023-02-01,34092.96,0,0,0
2023-02-02,34053.94,0,0,0
2023-02-03,33926.01,0,0,0
2023-02-06,33891.02,0,0,0
2023-02-07,34156.69,0,0,0
2023-02-08,33949.01,0,0,0
2023-02-09,33699.88,0,0,0
2023-02-10,33869.27,0,0,0
2023-02-13,34245.93,0,0,0
2023-02-14,34089.27,0,0,0
2023-02-15,34128.05,0,0,0
2023-02-16,33696.85,0,0,0
2023-02-17,33826.69,0,0,0
2023-02-21,33129.59,0,0,0
2023-02-22,33045.09,0,0,0
2023-02-23,33153.91,0,0,0
2023-02-24,32816.92,0,0,0
2023-02-27,32889.09,0,0,0
2023-02-28,32656.7,0,0,0
2023-03-01,32661.84,0,0,0
2023-03-02,33003.57,0,0,0
2023-03-03,33390.97,0,0,0
2023-03-06,33431.44,0,0,0
2023-03-07,32856.46,0,0,0
2023-03-08,32798.4,0,0,0
2023-03-09,32254.86,0,0,0
2023-03-10,31909.64,0,0,0
2023-03-13,31819.14,0,0,0
2023-03-14,32155.4,0,0,0
2023-03-15,31874.57,0,0,0
2023-03-16,32246.55,0,0,0
2023-03-17,31861.98,0,0,0
2023-03-20,32244.58,0,0,0
2023-03-21,32560.6,0,0,0
2023-03-22,32030.11,0,0,0
2023-03-23,32105.25,0,0,0
2023-03-24,32237.53,0,0,0
2023-03-27,32432.08,0,0,0
2023-03-28,32394.25,0,0,0
2023-03-29,32717.6,0,0,0
2023-03-30,32859.03,0,0,0
2023-03-31,33274.15,0,0,0
2023-04-03,33601.15,0,0,0
2023-04-04,33402.38,0,0,0
2023-04-05,33482.72,0,0,0
2023-04-06,33485.29,0,0,0
2023-04-10,33586.52,0,0,0
2023-04-11,33684.79,0,0,0
2023-04-12,33646.5,0,0,0
2023-04-13,34029.69,0,0,0
2023-04-14,33886.47,0,0,0
2023-04-17,33987.18,0,0,0
2023-04-18,33976.63,0,0,0
2023-04-19,33897.01,0,0,0
2023-04-20,33786.62,0,0,0
2023-04-21,33808.96,0,0,0
2023-04-24,33875.4,0,0,0
2023-04-25,33530.83,0,0,0
2023-04-26,33301.87,0,0,0
2023-04-27,33826.16,0,0,0
2023-04-28,34098.16,0,0,0
