ds,y,yhat,yhat_lower,yhat_upper,Forecast_Anomaly
2018-05-01,24099.05,24966.820429201507,23913.262589691043,26144.706648980737,0
2018-05-02,23924.98,24901.711654384537,23849.741081896544,26035.172267730504,0
2018-05-03,23930.15,24837.923651565612,23725.453836721917,25935.68957997336,0
2018-05-04,24262.51,24797.816825922127,23701.537019986255,25932.20562541429,0
2018-05-07,24357.32,24646.575248225436,23556.07995352531,25692.663532505398,0
2018-05-08,24360.21,24622.42820366034,23593.062581940543,25706.33241426604,0
2018-05-09,24542.54,24575.547904936124,23392.994573317297,25588.636874368924,0
2018-05-10,24739.53,24535.025046122082,23493.222689078448,25646.76066404284,0
2018-05-11,24831.17,24522.87325159952,23427.465644875694,25586.114987754387,0
2018-05-14,24899.41,24478.877847219832,23302.554301047447,25635.642723705194,0
2018-05-15,24706.41,24496.302499533514,23402.965969768662,25691.914426358937,0
2018-05-16,24768.93,24492.759570439466,23439.17112469424,25639.028679605457,0
2018-05-17,24713.98,24496.58008061611,23474.336348075336,25616.511791344168,0
2018-05-18,24715.09,24528.98873513205,23500.829501893215,25606.19712770185,0
2018-05-21,25013.29,24611.97028152261,23482.151577367324,25703.053692693324,0
2018-05-22,24834.41,24666.889871514733,23584.100743958108,25747.609124078608,0
2018-05-23,24886.81,24697.221660125386,23593.80314215964,25822.639359733083,0
2018-05-24,24811.76,24730.662432317018,23620.93205764881,25809.799199534173,0
2018-05-25,24753.09,24787.882001330083,23664.937740218924,25887.97315885275,0
2018-05-29,24361.45,24969.26708022215,23890.815276821984,26105.237805738583,0
2018-05-30,24667.78,24995.592255982527,23930.5343576193,26081.006778694617,0
2018-05-31,24415.84,25019.12036580591,23841.372235813997,26120.24714486911,0
2018-06-01,24635.21,25060.75708633957,23927.244674784906,26211.623664406336,0
2018-06-04,24813.69,25108.514009076862,23918.158672703605,26110.919926330236,0
2018-06-05,24799.98,25131.770757928403,24131.94647127623,26265.640983829406,0
2018-06-06,25146.39,25121.513967425857,23984.49596905654,26255.052136761064,0
2018-06-07,25241.41,25106.34386764459,23988.918480069147,26212.670272819032,0
2018-06-08,25316.53,25107.998061619473,24008.17477598142,26231.84299350405,0
2018-06-11,25322.31,25036.67960827236,23959.54371446109,26105.040158811975,0
2018-06-12,25320.73,25023.350090400465,23909.51665859084,26124.909518582925,0
2018-06-13,25201.2,24979.380494213616,23840.93981930603,26135.68516015331,0
2018-06-14,25175.31,24934.074990472036,23887.79136946819,26066.44399446855,0
2018-06-15,25090.48,24909.794282815797,23830.380351854215,26034.55015078082,0
2018-06-18,24987.47,24790.63083006358,23779.957045655698,25886.187963803113,0
2018-06-19,24700.21,24772.36841440174,23664.59174171467,25904.70219749106,0
2018-06-20,24657.8,24729.189347825602,23643.96278238312,25813.75916947714,0
2018-06-21,24461.7,24690.34358473269,23592.237928677416,25820.222508886145,0
2018-06-22,24580.89,24678.017558665793,23519.14728035624,25733.811161591308,0
2018-06-25,24252.8,24624.276045440758,23458.97836255431,25753.317687325536,0
2018-06-26,24283.11,24636.047112525972,23450.137642283353,25760.993618305376,0
2018-06-27,24117.59,24626.00041327396,23588.530145511155,25801.641754732387,0
2018-06-28,24216.05,24622.687863983858,23513.273452522837,25722.318666719602,0
2018-06-29,24271.41,24647.561246967252,23521.002479651772,25715.09254111141,0
2018-07-02,24307.18,24707.886798775613,23640.519121858993,25806.00476912797,0
2018-07-03,24174.82,24756.05493677806,23680.514793994804,25935.670926677016,0
2018-07-05,24356.74,24809.049083471222,23720.68631356504,25910.296085751015,0
2018-07-06,24456.48,24862.76065505273,23803.882938242084,25947.311704200365,0
2018-07-09,24776.59,24987.30740425694,23891.495289762806,26087.40057129541,0
2018-07-10,24919.66,25048.637953531215,23982.46982312275,26221.432118371522,0
2018-07-11,24700.45,25081.926691815603,23996.12705554046,26158.433236252145,0
2018-07-12,24924.89,25115.188042061134,24011.133586821405,26215.27292242984,0
2018-07-13,25019.41,25169.506558730383,24066.893631246,26214.29995858358,0
2018-07-16,25064.36,25274.32034028245,24269.76485678896,26335.909134448695,0
2018-07-17,25119.89,25323.184581893383,24146.413600461154,26482.730274648377,0
2018-07-18,25199.29,25341.846342604662,24270.291072432505,26430.026395188102,0
2018-07-19,25064.5,25358.8433881119,24196.9148711495,26442.336747046127,0
2018-07-20,25058.12,25395.799082031554,24342.970297347707,26503.182279315934,0
2018-07-23,25044.29,25447.253655961424,24354.826983985473,26476.294749005556,0
2018-07-24,25241.94,25479.56424618127,24396.047692407592,26606.975712843043,0
2018-07-25,25414.1,25483.01575997673,24431.955262724427,26642.69911937791,0
2018-07-26,25527.07,25486.499836810995,24414.92520863938,26611.101217147192,0
2018-07-27,25451.06,25511.927545008213,24443.333548424635,26672.22879595861,0
2018-07-30,25306.83,25542.49194822439,24363.494664768394,26585.864454173912,0
2018-07-31,25415.19,25572.619902485665,24469.351486422962,26562.493612613158,0
2018-08-01,25333.82,25576.200658706297,24500.643401817357,26700.832030775106,0
2018-08-02,25326.16,25581.973955183115,24477.205632036654,26619.59757963995,0
2018-08-03,25462.58,25611.637219118213,24510.252955796488,26756.811698903115,0
2018-08-06,25502.18,25663.697415366867,24585.717535206477,26798.263455558958,0
2018-08-07,25628.91,25702.774403284093,24626.36105598805,26752.853877342543,0
2018-08-08,25583.75,25715.56876253514,24595.58279969982,26783.557276368,0
2018-08-09,25509.23,25730.434336360315,24632.689610549267,26831.281211124286,0
2018-08-10,25313.14,25768.69152086724,24648.400770997257,26904.75211666008,0
2018-08-13,25187.7,25840.11420374961,24719.036072340557,26944.669471538935,0
2018-08-14,25299.92,25882.536634568172,24834.182819329824,26970.43009361748,0
2018-08-15,25162.41,25896.749050848415,24776.450080060793,26942.1193205964,0
2018-08-16,25558.73,25910.958976944632,24887.168949859606,26977.228387749445,0
2018-08-17,25669.32,25946.39631481541,24930.16576235753,27039.787555408788,0
2018-08-20,25758.69,25996.312672804932,24887.874432687582,27107.544079866304,0
2018-08-21,25822.29,26027.465525651398,24934.58846925514,27214.142705421826,0
2018-08-22,25733.6,26028.60352820143,24880.406599113358,27094.589254374594,0
2018-08-23,25656.98,26028.14334329326,24907.06652835386,27124.073867269704,0
2018-08-24,25790.35,26026.164357141202,24890.993699128285,27082.084955780363,0
2018-08-27,26049.64,25958.43536621716,24861.972451571437,27069.65901696689,0
2018-08-28,26064.02,25949.535715180937,24862.131029139953,27091.57190608111,0
2018-08-29,26124.57,25910.681283264377,24824.11316689254,27037.670818003146,0
2018-08-30,25986.92,25870.55936666711,24737.428005058977,26987.827664653374,0
2018-08-31,25964.82,25850.89140715116,24802.117954940084,26987.0604201685,0
2018-09-04,25952.48,25713.34685830546,24649.632295669315,26756.969147068186,0
2018-09-05,25974.99,25662.440813292847,24487.29753110343,26815.79990625719,0
2018-09-06,25995.87,25611.701086942394,24437.45552404498,26724.35520858964,0
2018-09-07,25916.54,25582.86932337157,24444.503155998704,26660.15128353849,0
2018-09-10,25857.07,25448.632273351774,24331.87685149588,26564.357852867084,0
2018-09-11,25971.06,25422.572614613284,24282.504441808225,26530.26453940795,0
2018-09-12,25998.92,25369.091259213623,24261.255251220377,26509.338324756696,0
2018-09-13,26145.99,25316.821635037013,24163.548397063685,26394.926022109394,0
2018-09-14,26154.67,25287.392966979467,24180.01205263325,26360.138464738295,0
2018-09-17,26062.12,25155.885276353627,24071.838639156038,26218.280692793007,0
2018-09-18,26246.96,25131.929660562124,23975.53929602106,26200.55870445094,1
2018-09-19,26405.76,25081.029550189098,24000.765158365597,26182.27529269113,1
2018-09-20,26656.98,25031.773789965755,23969.393988264426,26070.54384400136,1
2018-09-21,26743.5,25005.76740380218,23915.18665286012,26109.322122760776,1
2018-09-24,26562.05,24887.04113949874,23783.642901383053,25932.514498132172,1
2018-09-25,26492.21,24868.299499612767,23814.725917991487,26010.92194873963,1
2018-09-26,26385.28,24823.186979420232,23704.662799322356,25916.36570392599,1
2018-09-27,26439.93,24780.36751889421,23643.049973829762,25812.67538096919,1
2018-09-28,26458.31,24761.527223991277,23713.746739970586,25856.41423876281,1
2018-10-01,26651.21,24669.48862922327,23581.77847885118,25875.57571364783,1
2018-10-02,26773.94,24661.61250817343,23554.650107754493,25781.034469621165,1
2018-10-03,26828.39,24628.44067029079,23463.500181528943,25580.653154687323,1
2018-10-04,26627.48,24598.665914974466,23500.25259501977,25682.955712689498,1
2018-10-05,26447.05,24593.98222881428,23471.33067658016,25697.17362457009,1
2018-10-08,26486.78,24550.812122523654,23492.778836136436,25545.588331910214,1
2018-10-09,26430.57,24561.145421946,23449.52595348169,25641.919991349652,1
2018-10-10,25598.74,24546.976896974076,23455.276405643122,25632.072106529773,0
2018-10-11,25052.83,24536.867083056386,23419.116558252128,25573.14515306192,0
2018-10-12,25339.99,24552.359439943317,23397.909897024714,25618.868638396794,0
2018-10-15,25250.55,24571.078585267147,23523.753083222407,25694.972881043363,0
2018-10-16,25798.42,24601.888665072933,23540.067101493947,25789.20477635796,1
2018-10-17,25706.68,24607.813428900998,23546.005677949342,25721.456231779553,0
2018-10-18,25379.45,24617.236402753708,23482.66873030413,25834.319482930907,0
2018-10-19,25444.34,24651.53482157356,23488.750053048603,25741.59061447584,0
2018-10-22,25317.41,24720.88800975367,23599.892916835604,25870.689514113357,0
2018-10-23,25191.43,24756.708166711844,23672.992779795357,25843.8653515205,0
2018-10-24,24583.42,24766.360814050535,23734.776390085375,25925.053245489114,0
2018-10-25,24984.55,24778.18700621214,23610.378844915977,25854.110925588808,0
2018-10-26,24688.31,24813.545241094595,23687.318138277933,25907.374839016054,0
2018-10-29,24442.92,24878.15448179382,23840.17655674846,25981.4276713326,0
2018-10-30,24874.64,24919.453800313382,23831.68585853423,26056.77553873654,0
2018-10-31,25115.76,24933.435765043847,23781.387420601695,26010.58697144316,0
2018-11-01,25380.74,24948.51532723746,23786.951824802254,26059.104629472036,0
2018-11-02,25270.83,24986.127368404246,23820.841697330914,26038.456332036316,0
2018-11-05,25461.7,25052.214716757782,23936.85561493924,26147.818461269155,0
2018-11-06,25635.01,25092.440451581413,23995.29244467905,26285.44226051826,0
2018-11-07,26180.3,25104.63030786614,24059.16723505474,26239.605013847795,0
2018-11-08,26191.22,25117.213383334278,24092.1086580817,26147.99148099422,1
2018-11-09,25989.3,25151.62042978291,24044.272416195083,26287.625286488783,0
2018-11-12,25387.18,25203.52935737565,24129.07088640619,26299.14437141085,0
2018-11-13,25286.49,25237.32296545977,24184.135338708038,26304.336485171498,0
2018-11-14,25080.5,25242.103931028432,24179.98533033572,26317.263892983814,0
2018-11-15,25289.27,25246.215958343364,24135.212093424536,26372.009332700403,0
2018-11-16,25413.22,25271.003373212177,24143.140266572613,26249.501140148313,0
2018-11-19,25017.44,25286.393824163017,24250.068657117667,26352.210882344745,0
2018-11-20,24465.64,25305.276306458185,24161.779444215626,26391.88487475584,0
2018-11-21,24464.69,25293.73897306115,24303.574522077713,26467.49312758798,0
2018-11-23,24285.95,25285.896591873367,24213.45672718805,26338.21318791988,0
2018-11-26,24640.24,25237.315793247057,24178.484473374567,26345.50960088461,0
2018-11-27,24748.73,25233.165459355238,24177.222975667893,26341.834916487947,0
2018-11-28,25366.43,25198.129180962525,24154.17297708124,26375.266147507697,0
2018-11-29,25338.84,25160.859274120696,24071.731936285567,26309.09644214255,0
2018-11-30,25538.46,25143.074682411807,23983.272528306024,26323.772945385594,0
2018-12-03,25826.43,25028.277056614996,23990.50044044188,26155.225792915197,0
2018-12-04,25027.07,25004.7601413521,23802.353673080517,26007.211671656434,0
2018-12-06,24947.67,24900.00376322505,23805.048227992866,26068.530936661627,0
2018-12-07,24388.95,24869.820478878555,23785.418121299328,25957.097794373112,0
2018-12-10,24423.26,24736.50457992112,23694.60571679621,25776.949564333958,0
2018-12-11,24370.24,24713.691170811155,23541.687195641836,25862.051693857036,0
2018-12-12,24527.27,24665.57846557144,23586.840982111957,25804.441056823947,0
2018-12-13,24597.38,24621.17439230626,23492.084906158998,25622.651347165836,0
2018-12-14,24100.51,24602.453820888728,23557.790852990816,25684.39681190115,0
2018-12-17,23592.98,24522.891335604163,23426.144637233374,25564.21301634898,0
2018-12-18,23675.64,24523.469969101123,23429.6806935992,25657.865225998507,0
2018-12-19,23323.66,24500.83084910125,23377.98782360886,25576.153564444223,1
2018-12-20,22859.6,24512.879600656728,23282.26052473696,25600.804573587386,1
2018-12-21,22445.37,24551.693616345176,23488.782961673267,25620.18557037333,1
2018-12-24,21792.2,24645.591570556982,23481.24955571112,25761.148680216815,1
2018-12-26,22878.45,24734.123534515642,23628.226573598247,25788.36022150501,1
2018-12-27,23138.82,24768.924936314856,23686.369232344732,25752.73466953204,1
2018-12-28,23062.4,24827.728480537164,23754.226078451957,25926.63626779999,1
2018-12-31,23327.46,24961.191674531354,23781.51333728255,26059.700482228476,1
2019-01-02,23346.24,25056.64359628261,23987.42036693494,26137.326958272755,1
2019-01-03,22686.22,25088.800947610496,23998.931456656945,26147.123770420432,1
2019-01-04,23433.16,25140.99495222679,24125.224718999503,26238.77414330596,1
2019-01-07,23531.35,25233.265357240252,24161.746403432302,26375.255283278348,1
2019-01-08,23787.45,25275.90738552575,24157.849927189316,26367.74757838535,1
2019-01-09,23879.12,25287.36339837563,24241.324529498095,26399.26723383708,1
2019-01-10,24001.92,25296.218804149783,24139.304522634007,26454.600934494894,1
2019-01-11,23995.95,25324.166165099014,24185.07373327342,26447.857708636962,1
2019-01-14,23909.84,25344.458016793717,24317.32791948808,26475.768539501492,1
2019-01-15,24065.59,25365.487169573,24254.292470044147,26384.271333898803,1
2019-01-16,24207.16,25357.517881570875,24252.146632999396,26366.915756422717,1
2019-01-17,24370.1,25349.66181469296,24325.87411408123,26445.13515573014,0
2019-01-18,24706.35,25364.069368128865,24220.231618983184,26476.96833046645,0
2019-01-22,24404.48,25389.064262672102,24268.85817357733,26469.332499877153,0
2019-01-23,24575.62,25387.12381211811,24314.707912249753,26541.277943965422,0
2019-01-24,24553.24,25389.224460873367,24264.588331489136,26433.242697199355,0
2019-01-25,24737.2,25417.267882702603,24317.93480537119,26429.610181084252,0
2019-01-28,24528.22,25478.26151564117,24352.340146146587,26573.992472726102,0
2019-01-29,24579.96,25525.169776165465,24489.371890841114,26711.366575530825,0
2019-01-30,25014.86,25548.212219925757,24463.087223778253,26632.07692880824,0
2019-01-31,24999.67,25575.645405727453,24484.077583581064,26651.604737428697,0
2019-02-01,25063.89,25628.628350971303,24520.077444722272,26671.1454592258,0
2019-02-04,25239.37,25754.609002755133,24728.586699278807,26772.20544859923,0
2019-02-05,25411.52,25817.521479428844,24680.706030712376,26900.517248460947,0
2019-02-06,25390.3,25852.66471076571,24680.17781331595,26978.963959439992,0
2019-02-07,25169.53,25887.75420078762,24807.124594989134,26902.094721474932,0
2019-02-08,25106.33,25943.496810582874,24848.335091324134,27021.03878467492,0
2019-02-11,25053.11,26045.416161150206,24792.576247663048,27255.108451113647,0
2019-02-12,25425.76,26089.114937802904,25050.831071455923,27179.285491718278,0
2019-02-13,25543.27,26099.542374275217,24925.099982180378,27173.36643898422,0
2019-02-14,25439.39,26104.652211861125,24961.421047685286,27246.10695902236,0
2019-02-15,25883.25,26125.50594622887,24929.636625164916,27194.153971462154,0
2019-02-19,25891.32,26093.192145097557,25062.05155154454,27153.15378095173,0
2019-02-20,25954.44,26053.006447101736,24957.023368743136,27139.44570667792,0
2019-02-21,25850.63,26006.624554944912,24851.167636716713,27058.75487340567,0
2019-02-22,26031.81,25975.96683160842,24909.11316140742,27057.34815327899,0
2019-02-25,26091.95,25802.86194545037,24619.68306191246,26797.802243752732,0
2019-02-26,26057.98,25754.537147576906,24641.028055300274,26847.614123015777,0
2019-02-27,25985.16,25675.296408155133,24587.109560665955,26835.012607620978,0
2019-02-28,25916.0,25594.58815159978,24507.40910895147,26740.95862476861,0
2019-03-01,26026.32,25534.911800146292,24474.5758278675,26615.7844898414,0
2019-03-04,25819.65,25310.94142299962,24219.139380577464,26378.156683660272,0
2019-03-05,25806.63,25258.646496548055,24083.01896893733,26357.173850995983,0
2019-03-06,25673.46,25182.11459144035,24072.899970939852,26280.442120747226,0
2019-03-07,25473.23,25110.741320822333,24119.99784941542,26205.79370370455,0
2019-03-08,25450.24,25066.86769774163,23976.571589250085,26244.522919270647,0
2019-03-11,25650.88,24926.07799102564,23800.981080111236,26022.458938474065,0
2019-03-12,25554.66,24912.000023353175,23857.680197285143,26018.86540285511,0
2019-03-13,25702.89,24878.038233783645,23745.65395702986,26060.079382632834,0
2019-03-14,25709.94,24852.972840507715,23667.967617878166,25979.013460624024,0
2019-03-15,25848.87,24858.493411202857,23821.439921886016,26011.110540604248,0
2019-03-18,25914.1,24877.61311712953,23736.489241330626,25967.114904613107,0
2019-03-19,25887.38,24918.475637842184,23787.28183025807,25976.99369468687,0
2019-03-20,25745.67,24939.171982432446,23876.90257088041,25994.99172625826,0
2019-03-21,25962.51,24967.862999427274,23873.1512658368,26014.30598823865,0
2019-03-22,25502.32,25025.65767790105,23952.685363507953,26177.12648199745,0
2019-03-25,25516.83,25187.60260373115,24086.379310220454,26286.44614043542,0
2019-03-26,25657.73,25269.967610700467,24141.017003425022,26398.93111398458,0
2019-03-27,25625.59,25328.530611223687,24246.460909200054,26413.03893486588,0
2019-03-28,25717.46,25391.185522167725,24216.62744489038,26542.132356981492,0
2019-03-29,25928.68,25478.827773872345,24325.953677239584,26544.905631071302,0
2019-04-01,26258.42,25704.224632873193,24641.617025524487,26815.77295097697,0
2019-04-02,26179.13,25798.802019609502,24719.738944051038,26982.320143814595,0
2019-04-03,26218.13,25865.08530611479,24762.456369320385,26894.55403056509,0
2019-04-04,26384.63,25931.004826694596,24805.768751980417,26956.04996100983,0
2019-04-05,26424.99,26017.520593503235,24937.884985478762,27134.805818517834,0
2019-04-08,26341.02,26214.194413033227,25089.793959686962,27313.38210973679,0
2019-04-09,26150.58,26291.186534303808,25181.86526211547,27378.27004824933,0
2019-04-10,26157.16,26336.14365137867,25209.853359015255,27421.114760781165,0
2019-04-11,26143.05,26377.18118492919,25257.824620061958,27495.9958687972,0
2019-04-12,26412.3,26435.46208059455,25348.941115033114,27555.79916959686,0
2019-04-15,26384.77,26529.63207678682,25475.191728296242,27628.431861760608,0
2019-04-16,26452.66,26567.401831945062,25432.000854693197,27679.589573845034,0
2019-04-17,26449.54,26571.10691968926,25513.263705937024,27682.895983159604,0
2019-04-18,26559.54,26569.199012691253,25407.002819929632,27584.604731321313,0
2019-04-22,26511.05,26540.57755491499,25500.733596773076,27598.91970248797,0
2019-04-23,26656.39,26532.88698892052,25448.806842170812,27633.294462190697,0
2019-04-24,26597.05,26491.98321919515,25357.270005682778,27503.056631571424,0
2019-04-25,26462.08,26446.81013071615,25435.338090897043,27553.90510366024,0
2019-04-26,26543.33,26419.39322316226,25160.146114485353,27471.69998469724,0
2019-04-29,26554.39,26268.533465890076,25116.484931391584,27360.735583731344,0
2019-04-30,26592.91,26231.698441512257,25219.456995837936,27308.42024509475,0
2019-05-01,26430.14,26165.847452398488,25039.891540046785,27205.302006548365,0
2019-05-02,26307.79,26100.30449789336,24936.518336436442,27192.014665182436,0
2019-05-03,26504.95,26057.42326856508,24906.62073448654,27132.645378676538,0
2019-05-06,26438.48,25891.923151872616,24810.024164483737,26950.032464587268,0
2019-05-07,25965.09,25861.190686544,24836.39884003788,27001.105526698037,0
2019-05-08,25967.33,25806.923915996475,24668.02772639225,26983.921985855242,0
2019-05-09,25828.36,25758.306748464616,24663.90565230764,26818.696843417856,0
2019-05-10,25942.37,25737.460476806005,24660.45124099151,26913.973642217155,0
2019-05-13,25324.99,25665.037322905777,24528.47610207521,26818.38865974899,0
2019-05-14,25532.05,25672.66820611803,24615.918857368262,26786.389185560693,0
2019-05-15,25648.02,25659.41778984254,24541.01168970837,26735.650787427112,0
2019-05-16,25862.68,25653.76633443679,24465.906128280625,26725.866251046427,0
2019-05-17,25764.0,25677.08500052601,24534.233761893916,26839.805135691568,0
2019-05-20,25679.9,25736.44762682963,24779.605392921767,26845.076099237303,0
2019-05-21,25877.33,25785.108858908407,24680.682112719445,26907.15724715559,0
2019-05-22,25776.61,25810.151362394867,24712.147860264962,26881.741015467127,0
2019-05-23,25490.47,25839.341938806127,24777.01336350416,26952.830102786404,0
2019-05-24,25585.69,25893.399829603666,24752.97665208569,27042.703727430704,0
2019-05-28,25347.77,26073.23341566833,25003.134344670976,27217.296447872082,0
2019-05-29,25126.41,26101.798167617344,25001.06082040471,27261.996320812814,0
2019-05-30,25169.88,26128.481304992045,24969.656761219354,27227.85120351138,0
2019-05-31,24815.04,26174.08563095649,25129.74605687826,27261.086639652134,1
2019-06-03,24819.78,26237.352683700963,25085.84611884158,27250.546633455295,1
2019-06-04,25332.18,26266.4986894426,25153.488510168114,27240.81189626643,0
2019-06-05,25539.57,26262.229868503877,25200.15930553453,27362.574218899972,0
2019-06-06,25720.66,26252.985459780626,25158.176820322427,27349.569545809834,0
2019-06-07,25983.94,26260.344012777095,25219.598294761854,27414.650174343577,0
2019-06-10,26062.68,26203.32132205051,25107.818421064014,27226.042623649086,0
2019-06-11,26048.51,26193.37771161508,25089.110016284063,27228.244695392917,0
2019-06-12,26004.83,26151.922307347773,25065.646059694565,27300.265035209868,0
2019-06-13,26106.77,26108.17789433912,25009.320423570323,27180.937885649168,0
2019-06-14,26089.61,26084.44487494845,24894.36968099864,27274.67759183845,0
2019-06-17,26112.53,25960.5780606149,24828.914311344204,27046.72663521032,0
2019-06-18,26465.54,25938.657970244094,24822.299270738567,27093.167738625936,0
2019-06-19,26504.0,25890.844698372985,24843.017165021825,27054.611405578376,0
2019-06-20,26753.17,25846.460268565887,24789.75345075431,26972.394854309245,0
2019-06-21,26719.13,25827.781406923652,24698.774753902257,26912.369370555167,0
2019-06-24,26727.54,25751.221673010394,24713.987497388716,26884.445644492873,0
2019-06-25,26548.22,25754.562799877924,24575.02829494133,26850.900492445413,0
2019-06-26,26536.82,25735.905128272832,24650.908662273298,26873.084256764774,0
2019-06-27,26526.58,25723.941978993502,24611.927888393373,26764.20270368223,0
2019-06-28,26599.96,25740.263857885406,24688.11989363161,26736.513405615213,0
2019-07-01,26717.43,25776.81178076964,24724.595148538257,27009.76830906681,0
2019-07-02,26786.68,25818.052758492344,24745.06378846341,26972.689767316362,0
2019-07-03,26966.0,25836.17838993303,24750.73278353383,26825.415327539693,1
2019-07-05,26922.12,25908.124272384415,24763.689920781853,27035.889359058223,0
2019-07-08,26806.14,26023.045569702845,24927.651641444034,27095.672837349066,0
2019-07-09,26783.49,26082.72406841245,25044.862769820742,27246.664715122693,0
2019-07-10,26860.2,26115.078641434997,24937.6451762212,27143.235469076164,0
2019-07-11,27088.08,26148.063841977677,25074.61553555329,27282.699225119297,0
2019-07-12,27332.03,26202.691177291323,25160.234068673853,27401.67348707341,0
2019-07-15,27359.16,26311.06200826678,25304.283561005705,27440.664486931848,0
2019-07-16,27335.63,26361.66412965872,25321.185262530147,27435.22689411486,0
2019-07-17,27219.85,26382.171146440873,25341.027448016554,27482.54611014074,0
2019-07-18,27222.97,26401.021395893098,25384.460201825164,27482.42735385674,0
2019-07-19,27154.2,26439.743601424856,25272.50939605029,27582.003490343202,0
2019-07-22,27171.9,26495.149983644627,25508.254651882886,27623.338381496826,0
2019-07-23,27349.19,26528.105420251537,25351.971652863893,27582.821560880126,0
2019-07-24,27269.97,26531.78529837245,25471.62280174116,27677.02652168866,0
2019-07-25,27140.98,26535.053838589793,25420.039255289597,27596.43624072186,0
2019-07-26,27192.45,26559.809089535767,25440.681547821066,27638.901193229623,0
2019-07-29,27221.35,26585.695237704935,25472.82939227991,27661.07294350618,0
2019-07-30,27198.02,26613.468831954415,25489.67020748952,27650.14219803172,0
2019-07-31,26864.27,26614.372236432173,25511.565139064718,27714.491806878155,0
2019-08-01,26583.42,26617.203725829066,25560.518457414037,27677.114702136005,0
2019-08-02,26485.01,26643.72594316086,25603.702116412,27805.225006183202,0
2019-08-05,25717.74,26685.877197503953,25651.337923007588,27782.371862072185,0
2019-08-06,26029.52,26721.730417470262,25552.190069397275,27825.969760222826,0
2019-08-07,26007.07,26731.456399382987,25657.440013730084,27852.944194516574,0
2019-08-08,26378.19,26743.47163977445,25681.378175805094,27845.418437974353,0
2019-08-09,26287.44,26779.152338591386,25675.072226158485,27921.352138127866,0
2019-08-12,25896.44,26844.917645897378,25752.706398517163,27931.815925158797,0
2019-08-13,26279.91,26886.238802423068,25854.622972116784,27999.42740510396,0
2019-08-14,25479.42,26899.762868210655,25773.730698663596,28012.37939101481,1
2019-08-15,25579.39,26913.693858830782,25855.36428615668,28018.16539043077,1
2019-08-16,25886.01,26949.24801671553,25869.070212021667,28015.263973550693,0
2019-08-19,26135.79,27001.61659668515,25821.394640035855,28095.22287237626,0
2019-08-20,25962.44,27034.158530750745,25923.594804655364,28103.033701876207,0
2019-08-21,26202.73,27036.892491201488,25936.16510570661,28212.967188606886,0
2019-08-22,26252.24,27038.18207656042,25964.288379137473,28114.74669488021,0
2019-08-23,25628.9,27059.44356766637,25962.587826374755,28216.523332597917,1
2019-08-26,25898.83,27061.488888770546,25966.199032746274,28146.926461367442,1
2019-08-27,25777.9,27075.696010433097,25975.963097137363,28196.0633870469,1
2019-08-28,26036.1,27059.798156564233,25997.89827451089,28172.48721723111,0
2019-08-29,26362.25,27042.445898898404,25915.264293163542,28217.702091925163,0
2019-08-30,26403.28,27045.33025542551,25898.619982476703,28127.385341232686,0
2019-09-03,26118.02,26995.44968398593,25903.593034882124,28080.682830767564,0
2019-09-04,26355.47,26965.788859934124,25865.69132898784,28059.339796066623,0
2019-09-05,26728.15,26936.03368108772,25867.26782982517,27987.19160007472,0
2019-09-06,26797.46,26927.938575529737,25827.834723597825,27996.199415492894,0
2019-09-09,26835.51,26854.602998803526,25734.713203068743,27899.64405570796,0
2019-09-10,26909.43,26848.47729397835,25825.268096892476,27908.498912554616,0
2019-09-11,27137.04,26814.782898100188,25717.97560894147,27969.966672112936,0
2019-09-12,27182.45,26782.17384150188,25688.32976620503,27909.45018119082,0
2019-09-13,27219.52,26772.297958618612,25766.690028293207,27889.73690335678,0
2019-09-16,27076.82,26698.944009898176,25564.438202941255,27749.4041784339,0
2019-09-17,27110.8,26694.23416265166,25686.611974142637,27861.041342219196,0
2019-09-18,27147.08,26662.515258747953,25584.993496633968,27774.829164789015,0
2019-09-19,27094.79,26632.373102466485,25569.529276894773,27704.94385268956,0
2019-09-20,26935.07,26625.406006275323,25501.92265427495,27733.488950882318,0
2019-09-23,26949.99,26563.23927680413,25459.36992512133,27637.81399574031,0
2019-09-24,26807.77,26563.11649225423,25438.05746695262,27694.799559567,0
2019-09-25,26970.71,26536.47880989925,25427.288733203444,27584.804389265162,0
2019-09-26,26891.12,26511.974123814172,25436.816004156808,27588.913997483938,0
2019-09-27,26820.25,26511.273711399066,25428.51835754906,27623.28976087306,0
2019-09-30,26916.83,26472.491795569487,25449.693618233887,27579.961568342078,0
2019-10-01,26573.04,26481.958669414624,25410.831824269768,27595.32889283658,0
2019-10-02,26078.62,26465.924433052955,25414.96512026584,27655.020529313028,0
2019-10-03,26201.04,26453.08816805174,25345.056145136023,27551.70842954821,0
2019-10-04,26573.72,26465.154856670266,25384.169507462517,27625.968743362788,0
2019-10-07,26478.02,26471.285507525492,25322.34760183867,27501.713677670727,0
2019-10-08,26164.04,26497.815624822993,25428.138621219936,27571.001170839412,0
2019-10-09,26346.01,26499.774076304522,25321.904846712263,27523.12380021824,0
2019-10-10,26496.67,26505.754269017805,25444.208624522227,27579.49741896872,0
2019-10-11,26816.59,26537.33393999801,25417.9571652743,27647.871458034133,0
2019-10-14,26787.36,26604.644881446216,25463.08962783974,27627.03672608569,0
2019-10-15,27024.8,26651.872620283168,25569.1229492716,27818.833047465818,0
2019-10-16,27001.98,26674.37520002273,25584.575829712656,27686.311211298456,0
2019-10-17,27025.88,26700.56148024878,25621.47593541491,27785.93606053544,0
2019-10-18,26770.2,26751.830137918172,25593.02480824773,27834.29765794505,0
2019-10-21,26827.64,26873.484411758276,25799.570519098546,27970.78565864628,0
2019-10-22,26788.1,26936.793429754307,25776.430353878182,28075.643497403493,0
2019-10-23,26833.95,26974.18216514995,25922.642789069614,28013.04939870513,0
2019-10-24,26805.53,27013.986804505454,25904.115822026986,28127.095868098524,0
2019-10-25,26958.06,27077.55751729588,25947.52859692533,28096.3532570546,0
2019-10-28,27090.72,27228.08678973905,26156.40689211234,28289.902450674494,0
2019-10-29,27071.46,27298.40559838646,26203.88983566656,28331.127511341714,0
2019-10-30,27186.69,27341.5718087448,26273.230039534006,28451.80388144018,0
2019-10-31,27046.23,27385.986489049796,26276.96475863177,28440.844766252274,0
2019-11-01,27347.36,27453.07242235831,26347.397174017075,28608.63520505596,0
2019-11-04,27462.11,27608.33253171195,26459.30196075001,28737.079494486854,0
2019-11-05,27492.63,27678.52186988339,26545.97003489691,28734.130491725427,0
2019-11-06,27492.56,27720.79839138058,26614.92279020792,28714.77032722272,0
2019-11-07,27674.8,27763.59857086473,26671.02224338104,28865.733344720295,0
2019-11-08,27681.24,27828.363775420054,26705.836744199478,28876.076111927316,0
2019-11-11,27691.49,27972.33733866127,26828.7070415429,29147.527034018618,0
2019-11-12,27691.49,28037.20467054853,27011.652977025107,29012.667390047678,0
2019-11-13,27783.59,28073.280497144166,26944.470315327373,29184.21788572934,0
2019-11-14,27781.96,28108.92383314307,26950.064192105678,29101.670107655405,0
2019-11-15,28004.89,28165.491677463102,27029.76516918988,29206.828313218633,0
2019-11-18,28036.22,28277.783376051837,27211.6697540722,29448.470895167135,0
2019-11-19,27934.02,28329.480877693284,27195.625481463827,29379.559807290076,0
2019-11-20,27821.09,28350.996861228996,27224.093149043292,29460.94646574157,0
2019-11-21,27766.29,28370.673053103394,27331.05940163936,29489.37881278473,0
2019-11-22,27875.62,28409.87876841386,27380.229343667605,29486.16122361591,0
2019-11-25,28066.47,28462.363004533054,27306.85245757958,29515.56797088607,0
2019-11-26,28121.68,28491.961020622664,27399.978616360164,29624.392019693234,0
2019-11-27,28164.0,28490.60165167585,27384.506331372955,29581.021274514795,0
2019-11-29,28051.41,28502.41425392497,27404.10367345131,29659.45118571703,0
2019-12-02,27783.04,28485.647651484505,27418.88073591871,29571.9078342834,0
2019-12-03,27502.81,28493.932577249023,27335.242024476065,29613.28076917351,0
2019-12-04,27649.78,28472.770280826106,27306.71175770147,29650.29080553272,0
2019-12-05,27677.79,28419.41960341162,27400.39090187129,29538.86466156627,0
2019-12-06,28015.06,28387.589776297104,27340.91304354104,29414.115769928143,0
2019-12-09,27909.6,28245.362040783184,27131.221054847232,29280.61849331014,0
2019-12-10,27881.72,28218.244911224327,27126.56319285406,29338.866678831404,0
2019-12-11,27911.3,28165.191881739844,27173.539481846372,29279.444922844825,0
2019-12-12,28132.05,28115.24993269658,27003.622620092196,29212.449442615907,0
2019-12-13,28135.38,28090.446646460554,27051.98124426095,29182.90499756618,0
2019-12-16,28235.89,27990.080490546068,26894.166298313074,29009.978019954393,0
2019-12-17,28267.16,27983.163318572737,26845.06786455906,29028.498236669115,0
2019-12-18,28239.28,27952.913316434653,26812.363907821742,29066.70047082989,0
2019-12-19,28376.96,27927.96745140969,26856.498036808767,28931.793149982062,0
2019-12-20,28455.09,27929.887767934,26851.819289034665,29011.45195800553,0
2019-12-23,28551.53,27914.773614357655,26807.217080674054,28987.8686520286,0
2019-12-24,28515.45,27936.076965581204,26913.40688625847,29089.225946831455,0
2019-12-26,28621.39,27933.568249445783,26894.169712742685,28957.311341695808,0
2019-12-27,28645.26,27958.859524403528,26783.18065438313,29088.285159274717,0
2019-12-30,28462.14,27996.29574295281,26874.136031760903,29097.410836981373,0
2019-12-31,28538.44,28028.04837817206,26978.65401637936,29164.5962081144,0
2020-01-02,28868.8,28034.488876947686,26957.33803147567,29189.450167815394,0
2020-01-03,28634.88,28058.14720717258,27011.968593071753,29173.600104006684,0
2020-01-06,28703.38,28067.473111400075,27085.267559064734,29232.022841030237,0
2020-01-07,28583.68,28083.002633599204,27015.92115784339,29215.54857821531,0
2020-01-08,28745.09,28067.419446717806,27069.80863089125,29119.039107340162,0
2020-01-09,28956.9,28049.18705893321,26996.40859267363,29073.162451828724,0
2020-01-10,28823.77,28049.87691696462,26973.046488024742,29248.128007217918,0
2020-01-13,28907.05,27986.24293281231,26931.41296055856,29121.883277010034,0
2020-01-14,28939.67,27978.246515945633,26861.679397623422,29066.917800313327,0
2020-01-15,29030.22,27940.59248377833,26866.74835761008,29066.03836716001,0
2020-01-16,29297.64,27902.336191308947,26805.3074993783,29051.862616699378,1
2020-01-17,29348.1,27885.590297859704,26836.558732594833,28911.67489148616,1
2020-01-21,29196.04,27778.38788504641,26601.44980528016,28871.79908307186,1
2020-01-22,29186.27,27741.668232211894,26618.644936133667,28826.657156506208,1
2020-01-23,29160.09,27708.432566432606,26667.54842588097,28897.586015756377,1
2020-01-24,28989.73,27700.68056786418,26606.086659572145,28743.916059810264,1
2020-01-27,28535.8,27652.712205686963,26545.689512143155,28697.229520423694,0
2020-01-28,28722.85,27663.214388315773,26595.933011821726,28783.415012171616,0
2020-01-29,28734.45,27650.04051572629,26480.804499079095,28642.809532883894,1
2020-01-30,28859.44,27641.587198691584,26557.454278675716,28834.078188382122,1
2020-01-31,28256.03,27659.149153105274,26531.517305152756,28748.584244400907,0
2020-02-03,28399.81,27682.883340091816,26618.126398527118,28763.957096887065,0
2020-02-04,28807.63,27674.63722640668,26633.31704043776,28741.07314887869,1
2020-02-05,29290.85,27639.592019896434,26537.141032403324,28753.81500319513,1
2020-02-06,29379.77,27605.511536220794,26463.915768828898,28647.619714206252,1
2020-02-07,29102.51,27593.129270651956,26554.0812113532,28686.26525149956,1
2020-02-10,29276.82,27496.87193507447,26394.777735728523,28561.28211293269,1
2020-02-11,29276.34,27476.44083801542,26317.456752929273,28557.040520883802,1
2020-02-12,29551.42,27423.580599204935,26379.9112226509,28582.865519358224,1
2020-02-13,29423.31,27366.14216987371,26302.55925454726,28444.65331196369,1
2020-02-14,29398.08,27325.067418690058,26252.702032806483,28423.802936376513,1
2020-02-18,29232.19,27048.403017998728,25872.38470246168,28126.94682716145,1
2020-02-19,29348.03,26947.15440590373,25815.76982646586,28083.6724388867,1
2020-02-20,29219.98,26839.41491440778,25678.415026001814,27930.55619922862,1
2020-02-21,28992.41,26746.949270655565,25732.559463009344,27781.51333581079,1
2020-02-24,27960.8,26384.2932462594,25245.29957566887,27447.63077141263,1
2020-02-25,27081.36,26270.99628373961,25231.241892089132,27379.62415770777,0
2020-02-26,26957.59,26125.7220156908,25026.854995153488,27249.226099347638,0
2020-02-27,25766.64,25977.845815029534,24820.068566438076,27073.34271959501,0
2020-02-28,25409.36,25849.813905188337,24725.728795987838,26988.025363171535,0
2020-03-02,26703.32,25413.42696861282,24268.67008430196,26466.694540568187,1
2020-03-03,25917.41,25287.903646184113,24126.880375104145,26398.746197327753,0
2020-03-04,27090.86,25136.99401841195,24069.479935904365,26316.854084311308,1
2020-03-05,26121.28,24990.157638911714,23841.296603172144,26137.296561576542,0
2020-03-06,25864.78,24869.81498678932,23829.393693083428,25963.388650165823,0
2020-03-09,23851.02,24494.567669214925,23452.92286476509,25703.63609399534,0
2020-03-10,25018.16,24401.029770240657,23240.027169375277,25549.724997358015,0
2020-03-11,23553.22,24287.158086245698,23215.1830744616,25358.97709947644,0
2020-03-12,21200.62,24181.859539245954,23040.244672041037,25281.27256889483,1
2020-03-13,23185.62,24106.950206011606,22976.15261062355,25227.386182431055,0
2020-03-16,20188.52,23884.8193701004,22785.070205987886,25028.821010099335,1
2020-03-17,21237.38,23845.6572827464,22805.15857163458,24934.64221184351,1
2020-03-18,19898.92,23786.696060971364,22690.12962271563,24804.101760053407,1
2020-03-19,20087.19,23736.185660633633,22665.461571151674,24895.757865812084,1
2020-03-20,19173.98,23715.31423064811,22649.25141584879,24738.931129741522,1
2020-03-23,18591.93,23645.109608394814,22527.07973416684,24768.808684231502,1
2020-03-24,20704.91,23651.535511430928,22530.238254167918,24766.242225286955,1
2020-03-25,21200.55,23634.93759851999,22546.260596636886,24704.920795721762,1
2020-03-26,22552.17,23623.229965370832,22471.67817093489,24677.286824220486,0
2020-03-27,21636.78,23637.320188595502,22544.49495122962,24715.53780632691,1
2020-03-30,22327.48,23646.941532684414,22631.2224272993,24760.52422756078,1
2020-03-31,21917.16,23671.19722123532,22615.009485634488,24762.278148880647,1
2020-04-01,20943.51,23756.359267142256,22696.538569527907,24902.173806291434,1
2020-04-02,21413.44,23841.915222117386,22692.48510781947,24898.4509294149,1
2020-04-03,21052.53,23948.801473768737,22845.322594234785,25077.732315456862,1
2020-04-06,22679.99,24210.709575668723,23127.650899132095,25324.843067488975,1
2020-04-07,22653.86,24310.7123254974,23280.706845179637,25374.59464528709,1
2020-04-08,23433.57,24379.251205902197,23335.93436255081,25478.166731980757,0
2020-04-09,23719.37,24444.399549847414,23376.74348914032,25552.071557752388,0
2020-04-13,23390.77,24697.6036764826,23590.978211203004,25756.73295628514,1
2020-04-14,23949.76,24761.355049436654,23629.75081806278,25892.771358010148,0
2020-04-15,23504.35,24791.228492160673,23681.18453377007,25925.788977472712,1
2020-04-16,23537.68,24815.601716768706,23752.03634969272,25971.319115816794,1
2020-04-17,24242.49,24855.921574997457,23733.703246294102,26051.360486253176,0
2020-04-20,23650.44,24891.59777329363,23801.43415581452,26024.91928971111,1
2020-04-21,23018.88,24909.4957314891,23780.64420334411,26057.906441705978,1
2020-04-22,23475.82,24893.771430681,23702.66675614302,26024.624225217744,1
2020-04-23,23515.26,24873.277222796347,23778.178734392193,25958.064992901996,1
2020-04-24,23775.27,24869.949304966314,23814.7508052414,25935.861802105883,1
2020-04-27,24133.78,24786.992953914938,23671.30149120128,25949.370992751068,0
2020-04-28,24101.55,24771.098397001482,23614.153009056838,25796.713531294095,0
2020-04-29,24633.86,24725.244918043685,23590.193747297373,25718.237713427112,0
2020-04-30,24345.72,24678.716720742683,23559.792392953554,25839.692953815167,0
2020-05-01,23723.69,24653.84164514978,23532.60693736718,25670.617349754175,0
2020-05-04,23749.76,24536.28308944095,23520.179015359256,25649.723430724865,0
2020-05-05,23883.09,24519.5802297173,23494.716782879404,25592.469334170062,0
2020-05-06,23664.64,24478.44771636281,23427.33260647078,25529.334157500827,0
2020-05-07,23875.89,24442.142866823,23326.328637869876,25548.905992179018,0
2020-05-08,24331.32,24432.87636163288,23341.167005430398,25492.152812103843,0
2020-05-11,24221.99,24391.90353445947,23317.403870510836,25455.56723533756,0
2020-05-12,23764.78,24409.348680147206,23225.782041439536,25556.338971459194,0
2020-05-13,23247.97,24405.8129503165,23306.55298143865,25514.9920183849,1
2020-05-14,23625.34,24409.92507476503,23357.1411904543,25438.44909387224,0
2020-05-15,23685.42,24443.205674175726,23388.085576745976,25553.847884113547,0
2020-05-18,24597.37,24535.090215316475,23413.396920861433,25678.990260810497,0
2020-05-19,24206.86,24595.915455887003,23600.750609444767,25638.362592443213,0
2020-05-20,24575.9,24633.977200024063,23533.394600393178,25768.053735088466,0
2020-05-21,24474.12,24677.135559607883,23598.66719540986,25757.812856265475,0
2020-05-22,24465.16,24746.18468942964,23584.03950652859,25794.292044636084,0
2020-05-26,24995.11,24996.983200608232,23935.307557630036,26043.666053845503,0
2020-05-27,25548.27,25046.034547398744,23968.2772894334,26175.791147386306,0
2020-05-28,25400.64,25094.221196820912,24039.493527038827,26224.924911233535,0
2020-05-29,25383.11,25162.26728799644,24041.91030679967,26276.49880238808,0
2020-06-01,25475.02,25297.421009045527,24227.344545242904,26373.005381700405,0
2020-06-02,25742.65,25351.615907033258,24273.25570063783,26519.33421866926,0
2020-06-03,26269.89,25372.693290361094,24282.122247797524,26449.866032084672,0
2020-06-04,26281.82,25388.93393599391,24346.62324751338,26522.514081674588,0
2020-06-05,27110.98,25421.75546852807,24291.041833768963,26539.144095181582,1
2020-06-08,27572.44,25439.416773758363,24356.29656308007,26490.684233123964,1
2020-06-09,27272.3,25453.31152953871,24331.61123668911,26493.643505850854,1
2020-06-10,26989.99,25434.95159653324,24392.578275710635,26591.12033633017,1
2020-06-11,25128.17,25413.454397054968,24328.08423148308,26490.956853010906,0
2020-06-12,25605.54,25411.03391878237,24305.78175377704,26490.750673916733,0
2020-06-15,25763.16,25344.950476500755,24265.072842682992,26419.297206782496,0
2020-06-16,26289.98,25340.17058337124,24193.452760163927,26371.17175112218,0
2020-06-17,26119.61,25308.45938411736,24264.578742016638,26444.592118202516,0
2020-06-18,26080.1,25279.185559877355,24211.95591629186,26340.0335476427,0
2020-06-19,25871.46,25274.693034705968,24130.41190684984,26334.37072357894,0
2020-06-22,26024.96,25236.086112339704,24156.41869770324,26341.862465513423,0
2020-06-23,26156.1,25250.92790518144,24113.156449172344,26302.58725213165,0
2020-06-24,25445.94,25243.414327205064,24121.626825257124,26361.69300981506,0
2020-06-25,25745.6,25242.378850987698,24153.145192713022,26322.749015013636,0
2020-06-26,25015.55,25269.55354935976,24197.188910497658,26213.99247697908,0
2020-06-29,25595.8,25339.579453723883,24303.775014517367,26408.83422346659,0
2020-06-30,25812.88,25392.7053950053,24268.229372523616,26519.66684352856,0
2020-07-01,25734.97,25423.260232726992,24346.33522398596,26488.004712158003,0
2020-07-02,25827.36,25459.352208689455,24315.304395176092,26534.018123256417,0
2020-07-06,26287.03,25682.86851926572,24595.012608378926,26737.76936795551,0
2020-07-07,25890.18,25759.443342424816,24615.960990407544,26883.37001393493,0
2020-07-08,26067.28,25809.46545358845,24785.56612142226,26899.802785837986,0
2020-07-09,25706.09,25860.848747418368,24745.53580114529,26893.79404272545,0
2020-07-10,26075.3,25934.548476895663,24785.807438642383,26921.6846603886,0
2020-07-13,26085.8,26103.42764949127,24948.79150827138,27156.700170353066,0
2020-07-14,26642.59,26174.99708248499,25007.300575442758,27251.29664852302,0
2020-07-15,26870.1,26216.705953615037,25044.101601026516,27306.11835857652,0
2020-07-16,26734.71,26256.89074707366,25232.919153384384,27339.871288199607,0
2020-07-17,26671.95,26316.9799482592,25304.69288038065,27507.957835295412,0
2020-07-20,26680.87,26435.756295749376,25340.190829380135,27506.9312950693,0
2020-07-21,26840.4,26489.323842678314,25348.504126615724,27593.57400252865,0
2020-07-22,27005.84,26513.25341429026,25425.5076711217,27630.083212676138,0
2020-07-23,26652.33,26536.364247029225,25431.85478311451,27626.091573739177,0
2020-07-24,26469.89,26580.52339830022,25361.404892687708,27556.83942099027,0
2020-07-27,26584.77,26661.895982246777,25586.55526265888,27779.051129213953,0
2020-07-28,26379.28,26700.863637033173,25635.41043055321,27787.783822086403,0
2020-07-29,26539.57,26712.577191427335,25581.88059009863,27877.38246032435,0
2020-07-30,26313.65,26725.88247336226,25664.20965187352,27792.2810313723,0
2020-07-31,26428.32,26762.598691260067,25639.684685697724,27847.066143948367,0
2020-08-03,26664.4,26834.314320377413,25699.49729042557,27949.72853821461,0
2020-08-04,26828.47,26879.92107894904,25815.012568778588,28052.159888666323,0
2020-08-05,27201.52,26899.470470488075,25780.905003214102,27951.404110446343,0
2020-08-06,27386.98,26921.447958181452,25840.177326098907,28005.409586284943,0
2020-08-07,27433.48,26967.29386904611,25811.43147628418,28049.80801158646,0
2020-08-10,27791.44,27065.308572521004,25872.92099957981,28236.501828392156,0
2020-08-11,27686.91,27118.099087742958,25904.21183244605,28114.636181360023,0
2020-08-12,27976.84,27143.494934666975,26067.530789875975,28215.61156321223,0
2020-08-13,27896.72,27169.709865899447,26109.921049459525,28261.52421026126,0
2020-08-14,27931.02,27217.959229424006,26156.844134281684,28348.506102562085,0
2020-08-17,27844.91,27310.721831464212,26194.606030735875,28410.97190378481,0
2020-08-18,27778.07,27357.400248675578,26273.66541792858,28437.26457670703,0
2020-08-19,27692.88,27374.53922273205,26330.426631857754,28479.31037791891,0
2020-08-20,27739.73,27390.453523533775,26285.509574599677,28432.913573265178,0
2020-08-21,27930.33,27426.507025450337,26325.237944766588,28559.36180703807,0
2020-08-24,28308.46,27473.386208700813,26363.888685404672,28537.710769890913,0
2020-08-25,28248.44,27502.511594189775,26472.559373132055,28615.530402432603,0
2020-08-26,28331.92,27501.435603908663,26394.968362687367,28683.23492777819,0
2020-08-27,28492.27,27498.76511241418,26408.000345586832,28556.510148500838,0
2020-08-28,28653.87,27516.152927042072,26514.71013538815,28681.893771514504,0
2020-08-31,28430.05,27509.242288167465,26400.79912362696,28646.053361580896,0
2020-09-01,28645.66,27521.962689024655,26437.074096638225,28640.174728649272,1
2020-09-02,29100.5,27505.56765314269,26417.62939985801,28608.91629388018,1
2020-09-03,28292.73,27488.808292606616,26416.45228909766,28569.253757829156,0
2020-09-04,28133.31,27493.44583539336,26409.77352935856,28590.437194688686,0
2020-09-08,27500.89,27462.571867355284,26318.557007802654,28586.63592792732,0
2020-09-09,27940.47,27440.5355105323,26367.71708549821,28506.88857589419,0
2020-09-10,27534.58,27419.432132828948,26212.99069016549,28459.499070014732,0
2020-09-11,27665.64,27420.930542144102,26278.141729869596,28527.547216906238,0
2020-09-14,27993.33,27381.0896087477,26287.968748871954,28489.736900508946,0
2020-09-15,27995.6,27387.391928380293,26284.912341292234,28483.391443286608,0
2020-09-16,28032.38,27366.6188787339,26326.083245373004,28446.01856282271,0
2020-09-17,27901.98,27347.358166457812,26335.323178316045,28509.043345141556,0
2020-09-18,27657.42,27351.206029127814,26218.913255204174,28411.26678138161,0
2020-09-21,27147.7,27321.010664785783,26242.624176428737,28409.2894387532,0
2020-09-22,27288.18,27331.347657276856,26328.748635081603,28425.56084963021,0
2020-09-23,26763.13,27314.571186351648,26247.33147626384,28389.03367147695,0
2020-09-24,26815.44,27299.78779802958,26210.34642817543,28453.984815993506,0
2020-09-25,27173.96,27308.652549702987,26283.862147647822,28383.36992193393,0
2020-09-28,27584.06,27297.487106867826,26169.428825273215,28416.245864503016,0
2020-09-29,27452.66,27315.76446976195,26218.64601948286,28448.650273882682,0
2020-09-30,27781.7,27308.333935224786,26230.588587334965,28460.056474917223,0
2020-10-01,27816.9,27303.89513621851,26225.199544025174,28341.338901204494,0
2020-10-02,27682.81,27324.158168428166,26260.46280103996,28430.453190034088,0
2020-10-05,28148.64,27353.792525489287,26295.312044380287,28449.066491520705,0
2020-10-06,27772.76,27387.85846425665,26338.95510790302,28469.154761480244,0
2020-10-07,28303.46,27397.245011729832,26321.710779908244,28562.856443464916,0
2020-10-08,28425.51,27410.575560632737,26345.38833339711,28548.829101600277,0
2020-10-09,28586.9,27449.460236499322,26283.644488481033,28528.25285421827,1
2020-10-12,28837.52,27538.75713235818,26423.74505547034,28613.25751492867,1
2020-10-13,28679.81,27593.451947195805,26493.201191275068,28653.429161951954,1
2020-10-14,28514.0,27623.545440837534,26509.316275497556,28694.694615367458,0
2020-10-15,28494.2,27657.47590990466,26600.46561262578,28769.652299745743,0
2020-10-16,28606.31,27716.66825975337,26564.550437818234,28860.250327891303,0
2020-10-19,28195.42,27863.373909460504,26769.085218863012,28953.497910757134,0
2020-10-20,28308.79,27935.505913064233,26829.816868106416,29074.366727758494,0
2020-10-21,28210.82,27981.965323835117,26871.03681867325,29082.54104448578,0
2020-10-22,28363.66,28031.088479950078,27014.162813975905,29146.43343229322,0
2020-10-23,28335.57,28104.22163184789,26972.624910116545,29170.7647921456,0
2020-10-26,27685.38,28284.81224332473,27186.680416880765,29481.46244012919,0
2020-10-27,27463.19,28365.567468033405,27305.448126014286,29516.9348847475,0
2020-10-28,26519.95,28419.353596103738,27153.37434434875,29528.67396222232,1
2020-10-29,26659.11,28474.556615247766,27356.340820316433,29576.60299017261,1
2020-10-30,26501.6,28552.585090545435,27484.20702936001,29615.19089758354,1
2020-11-02,26925.05,28741.483895075642,27675.067136762125,29896.70839384432,1
2020-11-03,27480.03,28823.131918607356,27751.439433442745,29946.3069692993,1
2020-11-04,27847.66,28876.985947152552,27766.738829631726,29958.33609568629,0
2020-11-05,28390.18,28931.485395382337,27749.500507408353,29995.691876361958,0
2020-11-06,28323.4,29008.07814523962,27950.644581592544,30114.746347983408,0
2020-11-09,29157.97,29188.4163677382,28071.91461144063,30268.568614423446,0
2020-11-10,29420.92,29265.74873666202,28217.934748008814,30318.07272305725,0
2020-11-11,29397.63,29314.48952774261,28136.96284124027,30323.992825746678,0
2020-11-12,29080.17,29363.014852110453,28240.306948792575,30508.124264879883,0
2020-11-13,29479.81,29432.697509986105,28389.031465998978,30499.956752969276,0
2020-11-16,29950.44,29585.84671328995,28419.17878441677,30630.268658748988,0
2020-11-17,29783.35,29651.685216307098,28493.90977904345,30758.98004312435,0
2020-11-18,29438.42,29687.59796263181,28533.894873010882,30759.793386638794,0
2020-11-19,29483.23,29721.91362266127,28581.055374904525,30780.41429636775,0
2020-11-20,29263.48,29775.981040745453,28706.541558866076,30805.014235601837,0
2020-11-23,29591.27,29874.063613352133,28739.856656080494,30951.932607651983,0
2020-11-24,30046.24,29919.054424689617,28815.256317909065,30973.91778620035,0
2020-11-25,29872.47,29933.095081090065,28788.302334419524,31062.078445478775,0
2020-11-27,29910.37,29975.475713040738,28787.12276958023,31022.25047920129,0
2020-11-30,29638.64,30002.948182776163,28865.132736427582,31123.369213650774,0
2020-12-01,29823.92,30025.26966491952,28967.49465168603,31122.69501791258,0
2020-12-02,29883.79,30017.67882227371,28979.959383080968,31133.708618978977,0
2020-12-03,29969.52,30009.075948107416,28800.032898642272,31111.34047813175,0
2020-12-04,30218.26,30021.41930531288,28869.18416942938,31104.221180565688,0
2020-12-07,30069.79,30007.89997761177,28975.9918019065,31080.07781034512,0
2020-12-08,30173.88,30022.352257759983,28913.536986707095,31111.322209547085,0
2020-12-09,30068.81,30010.2030060828,28915.05015936337,31058.273842632392,0
2020-12-10,29999.26,30000.52065747612,28880.978973295714,31075.58516521475,0
2020-12-11,30046.37,30015.36835450971,28934.41520025688,31153.543799392544,0
2020-12-14,29861.55,30030.861565884257,28849.792981947638,31123.74479683661,0
2020-12-15,30199.31,30061.780162751864,29007.134066060018,31197.304776742363,0
2020-12-16,30154.54,30069.123293972152,29012.698285735376,31196.15040173217,0
2020-12-17,30303.37,30081.629294337818,29014.78403104797,31138.34603671657,0
2020-12-18,30179.05,30120.966432706577,29007.455173570394,31172.157582273947,0
2020-12-21,30216.45,30218.97663055214,29077.28128589192,31400.52204001729,0
2020-12-22,30015.51,30278.63025450633,29246.14634195093,31340.618731158986,0
2020-12-23,30129.83,30314.369667254778,29252.03887275165,31371.18298246665,0
2020-12-24,30199.87,30354.352067047017,29223.626103504233,31484.57975203251,0
2020-12-28,30403.97,30581.520643371274,29397.202424236173,31655.544265341214,0
2020-12-29,30335.67,30656.25634236366,29543.68464030852,31769.63178713853,0
2020-12-30,30409.56,30703.402705484103,29631.651490175685,31854.286636555866,0
2020-12-31,30606.48,30750.8898850422,29638.330726213484,31920.5063774449,0
2021-01-04,30223.89,30967.73724006279,29943.653471668717,32098.21130554841,0
2021-01-05,30391.6,31030.31458002457,29977.111144433213,32180.66468374005,0
2021-01-06,30829.4,31062.00133362387,29942.840581319557,32144.975362078778,0
2021-01-07,31041.13,31091.14242950457,30008.07036821895,32193.104347164342,0
2021-01-08,31097.97,31139.18769955756,30045.595929274332,32244.631208306073,0
2021-01-11,31008.69,31216.314062504858,30138.843233136842,32296.40936750853,0
2021-01-12,31068.69,31254.43089925164,30201.346896129227,32407.709004515258,0
2021-01-13,31060.47,31262.32488744741,30108.02993519489,32399.73131605046,0
2021-01-14,30991.52,31268.97423454409,30191.14529606945,32420.09162177823,0
2021-01-15,30814.26,31296.430892410222,30208.172473696686,32394.88051811196,0
2021-01-19,30930.52,31378.390319254224,30248.96258303939,32515.79874767726,0
2021-01-20,31188.38,31387.10385070966,30366.233552391706,32467.11829473653,0
2021-01-21,31176.01,31398.645180966607,30243.857350765193,32557.824893113775,0
2021-01-22,30996.98,31435.091066942594,30308.666276648128,32584.263799377593,0
2021-01-25,30960.0,31517.254373317024,30396.85595462392,32629.842301538283,0
2021-01-26,30937.04,31570.714872782824,30511.46357476004,32699.73036745277,0
2021-01-27,30303.17,31600.51305182558,30559.8714764522,32775.156745025095,1
2021-01-28,30603.36,31635.18625105825,30603.385438607755,32794.94828391607,1
2021-01-29,29982.62,31696.16979883158,30705.316305777316,32784.327538934296,1
2021-02-01,30211.91,31853.27281991789,30864.851006201,33044.42477757096,1
2021-02-02,30687.48,31929.67313610104,30865.149106405188,32883.53894971906,1
2021-02-03,30723.6,31980.155713767068,30824.55227320187,33059.71068017516,1
2021-02-04,31055.86,32032.557847322532,30941.136651026198,33158.046499819866,0
2021-02-05,31148.24,32107.666573790637,30992.34932606184,33204.86177474985,0
2021-02-08,31385.76,32280.141786770168,31238.687034281655,33429.742724635544,0
2021-02-09,31375.83,32351.331507467465,31239.148638398467,33471.27139269141,0
2021-02-10,31437.8,32391.035908621747,31265.658083369202,33470.801225611365,0
2021-02-11,31430.7,32427.02712731841,31272.08502030034,33483.30585297955,0
2021-02-12,31458.4,32480.14879799512,31372.374362396466,33609.758475334085,0
2021-02-16,31522.75,32585.416635460697,31458.534888794653,33636.12996896696,0
2021-02-17,31613.02,32580.20603271304,31506.158163043343,33691.53118219233,0
2021-02-18,31493.34,32568.410361095837,31422.285528372715,33719.29965260859,0
2021-02-19,31494.32,32571.63358846255,31486.954143007108,33630.79837669538,0
2021-02-22,31521.69,32492.98103291799,31464.124320997435,33591.13261448404,0
2021-02-23,31537.35,32472.865383574775,31307.975530960844,33602.311381242995,0
2021-02-24,31961.86,32419.828625066995,31394.394423221256,33558.519988117565,0
2021-02-25,31402.01,32363.149819058774,31298.430963692696,33457.1686179499,0
2021-02-26,30932.37,32325.197324327783,31318.221777025617,33364.58557103077,1
2021-03-01,31535.51,32151.860480571573,31010.47222209941,33173.66394630326,0
2021-03-02,31391.52,32111.566910997168,31089.142409196906,33202.1024167128,0
2021-03-03,31270.09,32044.682201154646,30988.28820989703,33110.45347919969,0
2021-03-04,30924.14,31980.70806087504,30870.941812023037,33032.329021709535,0
2021-03-05,31496.3,31942.12474943774,30773.706532992546,33047.954773016856,0
2021-03-08,31802.44,31806.363910782253,30700.876818132936,32898.22597360636,0
2021-03-09,31832.74,31791.061361470634,30709.960504016457,32892.251291731605,0
2021-03-10,32297.02,31754.819824449976,30712.30476131549,32870.12737944372,0
2021-03-11,32485.59,31726.67001421343,30617.19468499822,32834.19002526574,0
2021-03-12,32778.64,31728.55441561239,30552.952726289896,32707.999899149247,1
2021-03-15,32953.46,31735.931535793487,30611.989379225844,32881.36837163476,1
2021-03-16,32825.95,31773.383467459957,30636.806029204326,32919.72367234619,0
2021-03-17,33015.37,31791.278890055295,30638.285224868938,32939.418732863436,1
2021-03-18,32862.3,31817.96841130639,30750.37105139614,32866.23278257425,0
2021-03-19,32627.97,31874.7316884989,30701.661617430174,33052.574105786254,0
2021-03-22,32731.2,32040.80549485807,30821.593075153694,33159.162977051325,0
2021-03-23,32423.15,32127.31932225486,30978.475806873186,33181.4313755812,0
2021-03-24,32420.06,32191.549902093564,31081.35874347783,33332.526492285935,0
2021-03-25,32619.48,32261.44256520455,31200.476221288856,33416.133075823964,0
2021-03-26,33072.88,32357.92719206986,31215.950608870375,33401.68711020578,0
2021-03-29,33171.37,32619.600770636815,31482.83098126045,33661.4419094714,0
2021-03-30,33066.96,32729.49760594442,31600.59248768082,33817.8112155597,0
2021-03-31,32981.55,32812.67619752625,31675.087737651666,33935.16591215278,0
2021-04-01,33153.21,32897.03113848811,31786.719215327044,33854.57163264217,0
2021-04-05,33527.19,33268.40851609581,32247.8714606918,34371.77980125069,0
2021-04-06,33430.24,33370.76695820292,32300.760777452142,34433.0343001304,0
2021-04-07,33446.26,33442.28046863317,32299.982887495615,34552.20125679067,0
2021-04-08,33503.57,33510.98454990292,32436.16827879125,34697.83085078896,0
2021-04-09,33800.6,33597.95509874235,32514.772982254348,34711.60250358797,0
2021-04-12,33745.4,33783.341508308586,32767.787022991568,34895.98394802794,0
2021-04-13,33677.27,33852.8575680991,32723.622368787506,34984.850819819454,0
2021-04-14,33730.89,33888.76791720806,32842.17744194663,35044.99592846875,0
2021-04-15,34035.99,33919.38250670428,32884.72346908157,35069.348806475624,0
2021-04-16,34200.67,33966.07545138017,32824.537820592515,35048.93052600886,0
2021-04-19,34077.63,34020.8642126254,32937.987123284984,35132.17412093913,0
2021-04-20,33821.3,34044.8453242929,32852.75477218102,35131.474927962656,0
2021-04-21,34137.31,34034.91034767212,32855.958392270935,35164.58649493421,0
2021-04-22,33815.9,34019.81945725464,32934.204225421374,35116.17948696576,0
2021-04-23,34043.49,34021.417005085714,32864.604136045054,35113.7266538709,0
2021-04-26,33981.57,33949.48887160151,32794.66566882312,35100.95595170393,0
2021-04-27,33984.93,33935.75157317122,32800.49162357073,35054.2016169841,0
2021-04-28,33820.38,33891.179534900926,32770.5946998361,34952.17488590315,0
2021-04-29,34060.36,33845.001783573156,32747.26081571987,34924.52852282293,0
2021-04-30,33874.85,33819.50309571868,32724.782630103757,34880.23362086338,0
2021-05-03,34113.23,33694.01024420035,32539.81218896942,34827.48011899566,0
2021-05-04,34133.03,33672.64677822974,32517.9119214269,34715.22203528405,0
2021-05-05,34230.34,33625.89017626271,32514.614555413897,34765.89124495312,0
2021-05-06,34548.53,33583.050134517995,32465.204604444738,34676.670841302104,0
2021-05-07,34777.76,33566.406610333535,32482.394647808447,34615.5098323969,1
2021-05-10,34742.82,33499.18086650886,32396.561791915217,34628.91550086496,1
2021-05-11,34269.16,33506.88028250384,32397.404465814292,34569.32639859376,0
2021-05-12,33587.66,33493.31946380721,32400.090232710045,34577.6086397582,0
2021-05-13,34021.45,33487.27030455373,32289.293268900492,34553.20111197365,0
2021-05-14,34382.13,33505.29972257327,32403.899659022925,34593.426908559624,0
2021-05-17,34327.79,33552.985680358994,32466.23451126121,34639.338104565206,0
2021-05-18,34060.66,33600.07307472659,32554.44945092757,34608.50185616213,0
2021-05-19,33896.04,33625.11303885386,32593.500101247144,34725.717711827034,0
2021-05-20,34084.15,33656.078895913786,32653.141036506015,34858.73110030732,0
2021-05-21,34207.84,33713.862383840096,32642.138437250316,34846.41168163636,0
2021-05-24,34393.98,33859.53575639264,32746.174389589974,34958.64449371604,0
2021-05-25,34312.46,33930.155551321484,32843.44262166178,35048.6965461176,0
2021-05-26,34323.05,33973.35560146087,32845.46065062743,35112.67126414766,0
2021-05-27,34464.64,34016.77626647325,32924.10085988266,35152.55510128701,0
2021-05-28,34529.45,34081.08969702817,32957.91747418299,35137.957645343056,0
2021-06-01,34575.31,34264.082232547196,33123.51014608696,35286.88694325874,0
2021-06-02,34600.38,34285.1215236392,33198.943044279404,35356.75089506244,0
2021-06-03,34577.04,34301.66021189639,33143.74871111992,35383.41396087134,0
2021-06-04,34756.39,34334.9586203183,33249.29031408998,35435.26735695039,0
2021-06-07,34630.24,34353.52156397766,33248.75584944566,35440.1363189462,0
2021-06-08,34599.82,34367.02138699016,33278.18363362206,35489.25467985134,0
2021-06-09,34447.14,34347.67854999796,33256.77625330087,35426.77188306421,0
2021-06-10,34466.24,34324.48460134677,33208.50356354704,35418.16752819055,0
2021-06-11,34479.6,34319.543760220724,33202.06985632615,35430.17512366678,0
2021-06-14,34393.75,34240.14717280597,33055.618914836734,35340.90933796304,0
2021-06-15,34299.33,34228.84881727334,33039.65312916908,35323.277015330226,0
2021-06-16,34033.67,34189.55357634802,33200.20343623559,35387.339732283326,0
2021-06-17,33823.45,34151.64929782574,32997.985883257774,35268.79617494415,0
2021-06-18,33290.08,34137.52120091903,33046.8981822187,35314.71432201751,0
2021-06-21,33876.97,34064.69304061233,32896.88217892887,35216.230494168834,0
2021-06-22,33945.58,34066.68228055826,32944.71448937734,35195.98865508343,0
2021-06-23,33874.24,34045.7914098437,32934.20133584136,35184.84673322558,0
2021-06-24,34196.82,34030.98763993092,32948.656805644525,35156.638729674145,0
2021-06-25,34433.84,34044.14232396584,32952.548313444546,35156.95824860823,0
2021-06-28,34283.27,34072.00459475359,33051.57144914882,35206.42937935767,0
2021-06-29,34292.29,34111.49237019182,33061.89897297506,35216.11815465298,0
2021-06-30,34502.51,34128.823044006254,33055.83234595034,35163.04766292023,0
2021-07-01,34633.53,34152.210848331386,33085.28013308179,35185.21323039947,0
2021-07-02,34786.35,34202.79426614541,33179.997736721496,35328.21645505465,0
2021-07-06,34577.37,34399.163432075795,33311.826973719435,35533.15378723616,0
2021-07-07,34681.79,34440.89617193326,33350.20167207809,35602.45983483297,0
2021-07-08,34421.93,34484.76884691706,33392.3351231629,35648.453504458834,0
2021-07-09,34870.16,34551.70020606619,33382.43341992497,35650.551403741934,0
2021-07-12,34996.18,34704.13366065117,33656.50810660649,35797.96540832583,0
2021-07-13,34888.79,34756.78646004615,33593.33163804311,35767.68002276808,0
2021-07-14,34933.23,34779.93874789239,33723.67917107914,35886.65334918955,0
2021-07-15,34987.02,34801.82690458187,33666.23229565359,35869.081647673935,0
2021-07-16,34687.85,34843.77757353423,33750.853800037876,35855.49415808865,0
2021-07-19,33962.04,34908.09825207353,33845.195903777865,36051.472839778144,0
2021-07-20,34511.99,34943.19822447899,33883.07285472199,36036.1372221929,0
2021-07-21,34798.0,34948.37250080802,33867.84877992387,36041.96880696518,0
2021-07-22,34823.35,34952.37897209915,33826.13885963875,36033.97333350515,0
2021-07-23,35061.55,34977.03631854392,33943.900573106286,36090.158377456275,0
2021-07-26,35144.31,34997.24505972313,33880.19961289719,36011.42616338595,0
2021-07-27,35058.52,35021.34994046199,33946.67088683647,36135.490147944794,0
2021-07-28,34930.93,35017.772531919516,33970.44490824659,36130.963859026706,0
2021-07-29,35084.53,35015.39265853567,33925.6528122476,36107.50880124756,0
2021-07-30,34935.47,35036.07456231489,33954.21880694049,36110.649365496225,0
2021-08-02,34838.16,35058.1733384093,33876.07356422532,36145.520835938994,0
2021-08-03,35116.4,35086.96047295618,34027.151160805304,36214.14297980749,0
2021-08-04,34792.67,35089.669892206315,33946.03047042538,36231.05804281621,0
2021-08-05,35064.25,35094.85949113159,33986.70949697824,36208.39875911566,0
2021-08-06,35208.51,35124.03949456297,34018.72355607259,36179.853185000116,0
2021-08-09,35101.85,35173.41145011199,34049.76384307197,36269.87994857599,0
2021-08-10,35264.67,35210.611026367595,34094.59334101274,36252.40931586667,0
2021-08-11,35484.97,35220.791178307074,34135.96730076606,36225.38284181461,0
2021-08-12,35499.85,35232.18872833586,34097.49831996199,36319.38648010666,0
2021-08-13,35515.38,35266.03143990263,34155.271288985714,36303.63586689694,0
2021-08-16,35625.4,35318.004457913274,34095.06302089695,36363.52822033784,0
2021-08-17,35343.28,35351.83564050744,34353.78104451399,36448.09719012836,0
2021-08-18,34960.69,35356.44967159185,34246.768349264785,36438.191393433306,0
2021-08-19,34894.12,35360.1190333009,34302.29392104715,36411.01098769441,0
2021-08-20,35120.08,35384.15989930418,34278.76702529843,36459.47832993172,0
2021-08-23,35335.71,35395.86777300201,34324.752342020234,36518.7905903178,0
2021-08-24,35366.26,35413.37634250675,34255.91590119447,36510.16190749755,0
2021-08-25,35405.5,35400.648102161664,34314.3780023778,36508.173465181404,0
2021-08-26,35213.12,35386.24064223406,34284.36427435655,36518.62431470961,0
2021-08-27,35455.8,35391.761832179756,34298.1123310397,36496.35828369662,0
2021-08-30,35399.84,35348.10743157908,34205.93722456487,36466.18650944558,0
2021-08-31,35360.73,35348.10853925425,34277.72135500644,36517.723926667364,0
2021-09-01,35312.53,35318.73044246044,34226.36589675572,36394.84546685571,0
2021-09-02,35443.82,35288.71755357176,34223.353600145885,36323.54277890026,0
2021-09-03,35369.09,35279.830753184964,34207.10280551681,36356.81484063193,0
2021-09-07,35100.0,35192.331593503644,34098.31853697431,36287.8872825261,0
2021-09-08,35031.07,35155.58675838969,34001.888781868445,36228.32608569262,0
2021-09-09,34879.38,35119.59513267235,34071.53307640153,36359.25560664573,0
2021-09-10,34607.72,35106.04750971826,33964.19858967762,36181.26794891875,0
2021-09-13,34869.63,35020.32596195169,33976.935056852824,36105.188851018516,0
2021-09-14,34577.57,35011.14436705366,33916.11309259276,36073.18250979427,0
2021-09-15,34814.39,34974.8130504196,33895.38311117139,36123.78328844617,0
2021-09-16,34751.32,34939.92665110588,33746.531407133894,35993.33988477663,0
2021-09-17,34584.88,34928.08431890312,33862.44912933145,36033.115270883674,0
2021-09-20,33970.47,34850.40159558353,33754.91780533455,36013.72078474936,0
2021-09-21,33919.84,34844.74303733856,33700.781785990686,35961.25645861938,0
2021-09-22,34258.32,34812.341981651094,33726.18374281791,35869.28551073961,0
2021-09-23,34764.82,34781.81450828728,33683.35977428169,35915.71616248402,0
2021-09-24,34798.0,34774.79937559623,33644.67705011956,35868.41398706219,0
2021-09-27,34869.37,34715.02089868234,33732.639266969345,35804.0247526777,0
2021-09-28,34299.99,34716.72384813604,33591.24072991785,35919.71249976255,0
2021-09-29,34390.72,34692.51737482057,33541.61053720914,35859.72146637915,0
2021-09-30,33843.92,34671.09639340554,33532.17052745281,35777.502333624,0
2021-10-01,34326.46,34674.17045080653,33672.87618470458,35704.05682358235,0
2021-10-04,34002.92,34651.06009928287,33499.406483098384,35686.81838348559,0
2021-10-05,34314.67,34667.196203425025,33615.45668220972,35830.48680960138,0
2021-10-06,34416.99,34658.51213848133,33513.06961681123,35714.761415213856,0
2021-10-07,34754.94,34653.657308558235,33480.172435282606,35742.55658458605,0
2021-10-08,34746.25,34674.27111452508,33628.68499399714,35738.577961169125,0
2021-10-11,34496.06,34708.569306294194,33533.24021790869,35770.20935617304,0
2021-10-12,34378.34,34744.983880051834,33612.384968623155,35767.69279863671,0
2021-10-13,34377.81,34756.88069750587,33675.88885799707,35908.92361255366,0
2021-10-14,34912.56,34772.73054450969,33672.50711026914,35847.55655557651,0
2021-10-15,35294.76,34813.9884642053,33676.43393236183,35933.18447529445,0
2021-10-18,35258.61,34908.02017986161,33816.870462712715,35991.34972388717,0
2021-10-19,35457.31,34963.034796489694,33825.642656951124,36036.68527578545,0
2021-10-20,35609.34,34992.61809969527,33893.529400807296,36019.643518470504,0
2021-10-21,35603.08,35025.11212156856,33920.01934186142,36055.887760154146,0
2021-10-22,35677.02,35081.86433988454,34008.07112337215,36197.82089350238,0
2021-10-25,35741.15,35214.75387167473,34082.28756534638,36273.44549473686,0
2021-10-26,35756.88,35280.05720116058,34217.09446781468,36455.18444086196,0
2021-10-27,35490.69,35318.593782499716,34144.00599019227,36360.252011973615,0
2021-10-28,35730.48,35358.73456870912,34302.135976867874,36430.43077024392,0
2021-10-29,35819.56,35421.872951982376,34322.74869085963,36546.798453410134,0
2021-11-01,35913.84,35566.997098971275,34477.80117420423,36716.802327104924,0
2021-11-02,36052.63,35634.316167688485,34394.95395407634,36735.73696259263,0
2021-11-03,36157.58,35650.07261468715,34565.30957829927,36837.93380893543,0
2021-11-04,36124.23,35666.593138521,34564.70505568961,36764.144594122874,0
2021-11-05,36327.95,35705.32764981877,34631.27285873552,36819.22151247206,0
2021-11-08,36432.22,35772.88829687709,34694.20411847744,36912.95185386433,0
2021-11-09,36319.98,35812.933540627055,34709.69971843785,36929.85230431755,0
2021-11-10,36079.94,35824.56551736782,34730.565180987425,36995.40283306106,0
2021-11-11,35921.23,35836.177601295196,34812.92922301921,36942.44626666634,0
2021-11-12,36100.31,35869.159848500385,34790.194498637895,37032.4369370481,0
2021-11-15,36087.45,35913.63548051551,34758.39933558463,36985.229551670775,0
2021-11-16,36142.22,35943.760815032445,34884.1410289607,37061.42826126483,0
2021-11-17,35931.05,35944.222814168956,34822.80894912986,37036.43008949655,0
2021-11-18,35870.95,35943.34564695485,34827.26167488373,36979.6128992391,0
2021-11-19,35601.98,35962.4668864706,34921.73798289039,37134.037290440225,0
2021-11-22,35619.25,35956.966655266675,34905.963872919245,37054.0010016971,0
2021-11-23,35813.8,35967.735303894144,34818.9880356287,37084.29045519441,0
2021-11-24,35804.38,35947.63122435296,34871.38625771042,37088.603851595835,0
2021-11-26,34899.34,35921.72731663249,34857.23021318547,37108.68331613813,0
2021-11-29,35135.94,35845.8083295008,34811.75939507537,36921.99021828803,0
2021-11-30,34483.72,35833.130201132764,34781.23491622867,36942.818730083665,1
2021-12-01,34022.04,35790.15573403899,34682.48028932466,36851.06260617885,1
2021-12-02,34639.79,35745.719739797096,34686.29716456388,36893.0601946658,1
2021-12-03,34580.08,35721.72033712375,34629.7997557505,36845.03969419325,1
2021-12-06,35227.03,35595.63003678202,34526.91026180154,36672.672537140665,0
2021-12-07,35719.43,35571.265980221906,34422.71997018636,36642.18141587988,0
2021-12-08,35754.75,35519.627670199545,34363.176136945,36589.6090858835,0
2021-12-09,35754.69,35469.78747375248,34233.76049402345,36532.205973839446,0
2021-12-10,35970.99,35443.826455366914,34300.440336682375,36550.42421107171,0
2021-12-13,35650.95,35333.37775183104,34234.692220111705,36504.62561114633,0
2021-12-14,35544.18,35321.34043827282,34219.48430451198,36436.86351736861,0
2021-12-15,35927.43,35285.368478851866,34120.17500149096,36386.55311383528,0
2021-12-16,35897.64,35254.29243310017,34202.40317192552,36291.196122744775,0
2021-12-17,35365.44,35249.88037054301,34141.165203232864,36346.06128030515,0
2021-12-20,34932.16,35216.70523033625,34141.97676661881,36237.59409431084,0
2021-12-21,35492.7,35233.01160190676,34144.734103595176,36379.57491075548,0
2021-12-22,35753.89,35225.76834653362,34214.298936308616,36320.90992510627,0
2021-12-23,35950.56,35223.22795254493,34060.93820680595,36285.94584527362,0
2021-12-27,36302.38,35286.43282329734,34229.385283758565,36320.45351712711,0
2021-12-28,36398.21,35321.970057668725,34278.06006554312,36406.5557213308,0
2021-12-29,36488.63,35330.682266858974,34196.69554268019,36381.15054381138,1
2021-12-30,36398.08,35340.492266511814,34281.337441590375,36467.24838541451,0
2021-12-31,36338.3,35372.33737623833,34289.738830320384,36456.69110115388,0
2022-01-03,36585.06,35403.864985310654,34338.69815713003,36524.84028311211,1
2022-01-04,36799.65,35428.64000979556,34265.840745570116,36519.737429873756,1
2022-01-05,36407.11,35422.88607584114,34306.031006847756,36552.54626036772,0
2022-01-06,36236.47,35414.83743022754,34308.44207430268,36493.33587907247,0
2022-01-07,36231.66,35425.82654852583,34339.137687274655,36570.11316245816,0
2022-01-10,36068.87,35391.37391655799,34318.31673492433,36568.843991069385,0
2022-01-11,36252.02,35391.76542741717,34353.13247967775,36434.27775686839,0
2022-01-12,36290.32,35361.485111850256,34307.380377276146,36461.90368869566,0
2022-01-13,36113.62,35329.41653413839,34217.2897673183,36399.346765990456,0
2022-01-14,35911.81,35317.53070953117,34157.69866399124,36407.96229475944,0
2022-01-18,35368.47,35214.91420127014,34200.24978152311,36362.97866190243,0
2022-01-19,35028.65,35175.5781585059,34110.48572738754,36228.21439524394,0
2022-01-20,34715.39,35138.34376366815,34029.864064254965,36251.473066856335,0
2022-01-21,34265.37,35125.341327222945,33984.98407743929,36187.44463633132,0
2022-01-24,34364.5,35055.93485322438,33976.439738022185,36215.734420235814,0
2022-01-25,34297.73,35058.146291627185,33912.39250005447,36078.553594089644,0
2022-01-26,34168.09,35036.53819117122,33942.81557835136,36117.08585441149,0
2022-01-27,34160.78,35019.78404147414,33789.87643450219,36065.73365615329,0
2022-01-28,34725.47,35029.45940082461,33945.03445697408,36124.001412053876,0
2022-01-31,35131.86,35034.745742290615,33956.950019069314,36203.76077571011,0
2022-02-01,35405.24,35061.68080185081,33886.96848767912,36077.93555999126,0
2022-02-02,35629.33,35063.46254637766,33961.07703599012,36216.093710818815,0
2022-02-03,35111.16,35068.023930918804,33969.400219588155,36260.05026375036,0
2022-02-04,35089.74,35096.230173657066,33947.21408556137,36145.76477517485,0
2022-02-07,35091.13,35134.107890011845,34014.28324898385,36202.22123873885,0
2022-02-08,35462.78,35162.51936049965,34034.98469111547,36243.160090650126,0
2022-02-09,35768.06,35160.45817636772,34065.90302798297,36209.34860833907,0
2022-02-10,35241.59,35155.64410555374,34095.2606854913,36201.2320137529,0
2022-02-11,34738.06,35168.84708853268,34065.75926235811,36298.84830239151,0
2022-02-14,34566.17,35128.816441316085,33994.746705853446,36221.96302320049,0
2022-02-15,34988.84,35121.18016609825,34085.24831996057,36251.204481735054,0
2022-02-16,34934.27,35078.75831181381,34028.10430870639,36264.68307725625,0
2022-02-17,34312.03,35029.85838765513,33909.07493742449,36063.092989800854,0
2022-02-18,34079.18,34995.92356127946,33917.79984203576,36081.647183582645,0
2022-02-22,33596.61,34744.82384687265,33662.14432559586,35744.81299096674,1
2022-02-23,33131.76,34652.046723438434,33537.25222955315,35768.35560433078,1
2022-02-24,33223.83,34554.71052964425,33471.74230374555,35679.19577595935,1
2022-02-25,34058.75,34475.08293633845,33329.89544967844,35614.79528362591,0
2022-02-28,33892.6,34169.88620431145,33149.17452347054,35304.18228222357,0
2022-03-01,33294.95,34083.218174652095,32992.85649821069,35182.41903581547,0
2022-03-02,33891.35,33968.728251693174,32942.37426171283,35091.33651236827,0
2022-03-03,33794.66,33855.9364414771,32727.522767814608,34973.47092323671,0
2022-03-04,33614.8,33767.36053240808,32605.3980133158,34843.738421289876,0
2022-03-07,32817.38,33475.20774503185,32365.286365426757,34525.47866963179,0
2022-03-08,32632.64,33405.92277771725,32299.751536867036,34557.728511841255,0
2022-03-09,33286.25,33314.94613940769,32214.66607880749,34427.97243380094,0
2022-03-10,33174.07,33231.425759896054,32139.222643430214,34373.259275278666,0
2022-03-11,32944.19,33177.42689777817,32051.320234436767,34178.75767166977,0
2022-03-14,32945.24,33015.34013649939,31907.527504871927,34169.892017352286,0
2022-03-15,33544.34,32996.11613796883,31847.874768203994,34112.6570643962,0
2022-03-16,34063.1,32957.44106940479,31961.239925529208,34046.50407586587,1
2022-03-17,34480.76,32927.77623862629,31857.881677755333,33966.707537129136,1
2022-03-18,34754.93,32928.50410160444,31821.32521560033,34001.868976547106,1
2022-03-21,34552.99,32929.275127593704,31889.88691106441,34004.64718773937,1
2022-03-22,34807.46,32961.86910530284,31879.33881036387,34060.30060001342,1
2022-03-23,34358.5,32972.86788728309,31971.699104268508,34127.01520984946,1
2022-03-24,34707.94,32990.26004261714,31903.662242284245,34056.85567349796,1
2022-03-25,34861.24,33035.00901952572,31966.46970006138,34084.34986660519,1
2022-03-28,34955.89,33146.268258967946,32093.626487039244,34282.415264704905,1
2022-03-29,35294.19,33207.65338495167,32121.566275328063,34322.074199127084,1
2022-03-30,35228.81,33243.131169540095,32172.7462682904,34335.5139161145,1
2022-03-31,34678.35,33280.58641167139,32149.725516925846,34380.18851753386,1
2022-04-01,34818.27,33340.92171536735,32219.1940548312,34437.027632342695,1
2022-04-04,34921.88,33472.03012265333,32379.050308841328,34541.04095935247,1
2022-04-05,34641.18,33531.20406118889,32485.96087860555,34688.73591729742,0
2022-04-06,34496.51,33560.19493494891,32399.947852025598,34624.86273134021,0
2022-04-07,34583.57,33587.00427992755,32406.836699065214,34668.2052244492,0
2022-04-08,34721.12,33632.6709620724,32565.288354404907,34681.73000455701,1
2022-04-11,34308.08,33697.269373683295,32622.370586766086,34846.15691671283,0
2022-04-12,34220.36,33727.4040983627,32604.940284783886,34682.02606945966,0
2022-04-13,34564.59,33724.28302536301,32592.99828031189,34709.31342163299,0
2022-04-14,34451.23,33716.15457007613,32598.816876971414,34807.56457577301,0
2022-04-18,34411.69,33664.143762908374,32590.25267336251,34749.61290460883,0
2022-04-19,34911.2,33649.72928807303,32579.97641426091,34813.56341586117,1
2022-04-20,35160.79,33601.218557825654,32505.145166152222,34693.25452382062,1
2022-04-21,34792.76,33547.28101968572,32499.39898614981,34646.493724180546,1
2022-04-22,33811.4,33509.6689816155,32400.32372002459,34612.16080648837,0
2022-04-25,34049.46,33317.02265586455,32178.09483520761,34351.4393073472,0
2022-04-26,33240.18,33261.72594686338,32168.439923499194,34340.806094832675,0
2022-04-27,33301.93,33174.80218184103,32066.335564866713,34331.40217019478,0
2022-04-28,33916.39,33105.509130683284,31924.55963776404,34187.050426707276,0
2022-04-29,32977.21,33055.976868691345,31958.265755625584,34188.867015512275,0
2022-05-02,33061.5,32852.47884518525,31743.038201083556,33929.38361640756,0
2022-05-03,33128.79,32803.0852798123,31786.74298085379,33873.09993887716,0
2022-05-04,34061.06,32727.293806214006,31654.7427670612,33816.71716409872,1
2022-05-05,32997.97,32654.44499961263,31480.05513796946,33860.523018885004,0
2022-05-06,32899.37,32606.866909822755,31477.406929692886,33729.53972016093,0
2022-05-09,32245.7,32442.014797428074,31371.36155689172,33479.26787536982,0
2022-05-10,32160.74,32415.886376059752,31322.38082707371,33565.231733112734,0
2022-05-11,31834.11,32368.049933581933,31310.881169180244,33388.60197211719,0
2022-05-12,31730.3,32327.41103786488,31184.17836472129,33386.935137521206,0
2022-05-13,32196.66,32315.779659090185,31239.317224515224,33477.15881192061,0
2022-05-16,32223.42,32274.926164622397,31191.07649891146,33291.37035151398,0
2022-05-17,32654.59,32293.14111224467,31164.83483118611,33429.78255597026,0
2022-05-18,31490.07,32289.865118805606,31161.964409683926,33376.32660633177,0
2022-05-19,31253.13,32293.200633505803,31259.875108738004,33338.569020115545,1
2022-05-20,31261.9,32324.156123674984,31267.861130775338,33378.21647002227,1
2022-05-23,31880.24,32395.08795599877,31250.425728660357,33481.693730923194,0
2022-05-24,31928.62,32442.92316563647,31306.68777468558,33531.54822104591,0
2022-05-25,32120.28,32464.458086694667,31342.455246084748,33585.23166703686,0
2022-05-26,32637.19,32487.332247836348,31388.251999892218,33565.51031899929,0
2022-05-27,33212.96,32532.19399864442,31399.446456061323,33704.19422097914,0
2022-05-31,32990.12,32647.08080081613,31505.27462479842,33816.81704123296,0
2022-06-01,32813.23,32653.032873395092,31556.12156968133,33720.97905275605,0
2022-06-02,33248.28,32655.007202336492,31638.91413683555,33782.90717492031,0
2022-06-03,32899.7,32674.115785443828,31674.475306910368,33751.70036854133,0
2022-06-06,32915.78,32650.779666681232,31546.762607899993,33750.5222360852,0
2022-06-07,33180.14,32650.004004345883,31521.396501788797,33719.06118698523,0
2022-06-08,32910.9,32615.97355036563,31472.61604891924,33728.395178583734,0
2022-06-09,32272.79,32577.53768900642,31495.33140931182,33675.26530087969,0
2022-06-10,31392.79,32556.671148207744,31394.759816053327,33543.75265360428,1
2022-06-13,30516.74,32424.345895160128,31316.42806482107,33498.09547427551,1
2022-06-14,30364.83,32393.434828864403,31258.714322203603,33469.521229210004,1
2022-06-15,30668.53,32333.469473252895,31177.77866204521,33464.38922761462,1
2022-06-16,29927.07,32273.828260224393,31171.763166883644,33404.92522279156,1
2022-06-17,29888.78,32236.909913743664,31114.763617891986,33309.37256004782,1
2022-06-21,30530.25,32065.403124815875,30978.795667630464,33196.9299942784,1
2022-06-22,30483.13,32017.392450794054,30907.310837665096,33087.532796418454,1
2022-06-23,30677.36,31974.91194859324,30836.494122068027,33087.358396459545,1
2022-06-24,31500.68,31959.964817518354,30940.62101809065,33120.29846024516,0
2022-06-27,31438.26,31902.365217602495,30758.73164674544,33052.069804649334,0
2022-06-28,30946.99,31913.44710562957,30813.463026841695,32975.62359511979,0
2022-06-29,31029.31,31902.635840529576,30738.216000604265,32932.8154124325,0
2022-06-30,30775.43,31898.26713325179,30782.479096032777,32923.52661478778,1
2022-07-01,31097.26,31921.588849921045,30815.672963241734,33040.029887688725,0
2022-07-05,30967.82,32015.508025909356,30862.28664135213,33093.05316951587,0
2022-07-06,31037.68,32033.534949407367,30963.470280681147,33114.335345696556,0
2022-07-07,31384.55,32054.501506761924,31005.0106545217,33104.00143233497,0
2022-07-08,31338.15,32099.311946234215,30955.30012043336,33213.80195555426,0
2022-07-11,31173.84,32189.69089772852,31090.44774109369,33352.58723527603,0
2022-07-12,30981.33,32237.346685291635,31126.343912251974,33273.280226514,1
2022-07-13,30772.79,32255.980553877467,31131.34153307416,33375.168566236396,1
2022-07-14,30630.17,32273.73477664964,31147.940082168472,33397.071925276716,1
2022-07-15,31288.26,32311.836753473286,31176.038430665485,33358.12205396687,0
2022-07-18,31072.61,32365.310249310285,31261.944426854814,33357.77525250652,1
2022-07-19,31827.05,32396.701732134858,31288.96394337964,33465.42634621074,0
2022-07-20,31874.84,32397.972777971274,31337.689640956127,33433.453781206714,0
2022-07-21,32036.9,32397.80552224354,31364.914200422052,33452.18362070826,0
2022-07-22,31899.29,32417.954238549202,31340.656564964927,33627.52372708254,0
2022-07-25,31990.04,32422.17936747471,31368.389519436634,33478.21348592637,0
2022-07-26,31761.54,32440.0578816263,31349.612857618904,33503.59101125512,0
2022-07-27,32197.59,32429.800941740214,31315.936408498008,33522.83423455976,0
2022-07-28,32529.63,32420.30673589545,31305.647403218096,33625.023183139914,0
2022-07-29,32845.13,32433.470524166416,31300.925737542064,33533.27352518116,0
2022-08-01,32798.4,32431.06396699659,31390.30352339536,33564.28784825163,0
2022-08-02,32396.17,32451.23170079078,31394.211357432276,33553.547867202506,0
2022-08-03,32812.5,32445.21031664256,31399.177256392908,33589.23028794717,0
2022-08-04,32726.82,32441.63049179175,31366.08852241875,33549.0510852007,0
2022-08-05,32803.47,32462.075208454364,31442.022216585654,33657.81026956962,0
2022-08-08,32832.54,32486.13177161796,31436.97270930923,33562.9185923423,0
2022-08-09,32774.41,32515.391782760293,31476.557753743054,33591.84636540409,0
2022-08-10,33309.51,32517.964319183935,31415.387218463842,33638.694013745735,0
2022-08-11,33336.67,32522.122096882365,31407.78970965141,33666.89484129251,0
2022-08-12,33761.05,32549.118573842472,31496.743396750906,33647.32352812313,1
2022-08-15,33912.44,32583.011760723737,31515.191195206004,33666.10400793165,1
2022-08-16,34152.01,32611.616124136952,31549.12761999882,33709.31087518301,1
2022-08-17,33980.32,32611.368813924422,31459.439844863115,33661.984559375975,1
2022-08-18,33999.04,32610.508689762017,31512.497240196073,33658.57331456293,1
2022-08-19,33706.74,32630.311208403553,31393.01424745339,33720.454211152995,0
2022-08-22,33063.61,32630.56593886872,31603.501364407744,33703.2997987449,0
2022-08-23,32909.59,32644.50019127812,31578.225020668127,33693.8599962658,0
2022-08-24,32969.23,32628.22819560634,31489.170072101664,33738.82328758692,0
2022-08-25,33291.78,32610.254418851142,31491.26214387239,33728.99235367977,0
2022-08-26,32283.4,32612.136528018338,31480.731432227243,33701.9613703762,0
2022-08-29,32098.99,32556.6932261061,31464.8071587339,33609.642485152675,0
2022-08-30,31790.87,32552.357385389725,31472.467608714243,33613.464019159605,0
2022-08-31,31510.43,32518.396416354088,31394.523918071012,33590.8990680608,0
2022-09-01,31656.42,32483.539602099667,31451.145607112096,33553.7023030899,0
2022-09-02,31318.44,32469.539470711905,31440.10032945099,33545.8937328471,1
2022-09-06,31145.3,32358.94027640288,31173.97946650862,33453.353582129836,1
2022-09-07,31581.28,32315.81550331225,31205.36261147763,33414.426973023896,0
2022-09-08,31774.52,32273.23719111272,31096.998105341016,33361.22716620328,0
2022-09-09,32151.71,32252.91761921941,31185.07775049048,33290.82010213128,0
2022-09-12,32381.34,32145.985543531053,31070.88147707822,33193.44254170427,0
2022-09-13,31104.97,32129.50199523545,31085.165650763356,33274.46157579931,0
2022-09-14,31135.09,32085.78031765792,30953.93606669384,33208.45916981176,0
2022-09-15,30961.82,32043.426858859566,30857.16973664786,33168.00411804827,0
2022-09-16,30822.42,32024.04868757299,30953.472306585118,33091.48816614958,1
2022-09-19,31019.68,31923.365005244024,30869.42042156285,32951.34311047584,0
2022-09-20,30706.23,31909.895320901873,30756.36811327728,32969.339384397346,1
2022-09-21,30183.78,31869.59592521843,30800.727135691595,32987.63215954786,1
2022-09-22,30076.68,31831.06966364455,30752.922578600293,32893.82645648184,1
2022-09-23,29590.41,31815.940212519647,30760.120166664932,32900.52266526573,1
2022-09-26,29260.81,31730.963605212986,30534.1543114825,32880.878306953855,1
2022-09-27,29134.99,31723.93022056805,30628.5271576769,32794.64674546991,1
2022-09-28,29683.74,31690.79691614546,30624.016687775285,32871.930687317596,1
2022-09-29,29225.61,31660.249356757147,30529.658331215975,32697.10173445543,1
2022-09-30,28725.51,31653.9913974326,30538.674701632975,32772.10267077685,1
2022-10-03,29490.89,31601.658466821416,30526.839046146706,32689.39733456022,1
2022-10-04,30316.32,31607.66978738617,30510.494525735106,32627.502768163627,1
2022-10-05,30273.87,31588.693091706125,30468.099786837964,32733.164155963088,1
2022-10-06,29926.94,31573.39892982921,30408.703521060183,32576.039612183446,1
2022-10-07,29296.79,31583.451804302593,30492.87127515341,32641.441496837553,1
2022-10-10,29202.88,31585.635864242708,30473.91080712654,32664.33346102567,1
2022-10-11,29239.19,31611.31212620596,30508.84867215225,32719.840315980568,1
2022-10-12,29210.85,31612.511473573104,30472.703604997732,32679.98345876755,1
2022-10-13,30038.72,31617.73901571463,30561.942993790763,32713.580926750372,1
2022-10-14,29634.83,31648.4827535259,30528.21597201319,32651.33342595675,1
2022-10-17,30185.82,31711.91356690726,30562.118930109442,32722.586560565345,1
2022-10-18,30523.8,31757.122616641107,30681.891143009234,32866.99070275689,1
2022-10-19,30423.81,31777.128025941223,30705.367887460805,32910.323093501196,1
2022-10-20,30333.59,31800.28329133457,30723.99029815675,32887.537638942355,1
2022-10-21,31082.56,31847.942730142127,30853.56059544837,32877.79626504694,0
2022-10-24,31499.62,31955.03212713639,30810.40475079528,33035.320050239075,0
2022-10-25,31836.74,32012.209397349805,31016.03755376097,33035.766297981776,0
2022-10-26,31839.11,32042.83962488306,30914.335272729226,33173.68361726235,0
2022-10-27,32033.28,32075.28004700143,30963.044548758102,33154.92039261999,0
2022-10-28,32861.8,32130.909183544605,31027.24228776408,33177.046190002686,0
2022-10-31,32732.95,32254.50326406329,31081.07902056447,33387.40842531379,0
2022-11-01,32653.2,32314.933904308564,31194.228942555368,33399.48717046915,0
2022-11-02,32147.76,32347.81793812631,31294.915123805145,33407.56494221563,0
2022-11-03,32001.25,32381.58726397,31207.51004432038,33472.56946552589,0
2022-11-04,32403.22,32437.689297760106,31296.346852598053,33472.46164633132,0
2022-11-07,32827.0,32558.093992818878,31540.970087305355,33706.41950395904,0
2022-11-08,33160.83,32616.028146338944,31582.766529032546,33754.582924735456,0
2022-11-09,32513.94,32645.70718543858,31481.765090200915,33697.834268957704,0
2022-11-10,33715.37,32675.54043865575,31623.75235267271,33770.82062411301,0
2022-11-11,33747.86,32726.935075435038,31668.470256636916,33808.544589591584,0
2022-11-14,33536.7,32827.9638019148,31648.911959785048,34045.93842102972,0
2022-11-15,33592.92,32877.42690728141,31774.030226045146,33964.529336824686,0
2022-11-16,33553.83,32897.48631480138,31747.12610920718,33961.00854138166,0
2022-11-17,33546.32,32916.46912589639,31751.34121358434,33990.13193447271,0
2022-11-18,33745.69,32955.70999845055,31879.600172267903,34067.11852680941,0
2022-11-21,33700.28,33011.99502988111,31917.481471977848,34204.383131838425,0
2022-11-22,34098.1,33043.75306237461,32013.922589828882,34194.00755363847,0
2022-11-23,34194.06,33044.77571939622,31974.223898818127,34123.68283647501,1
2022-11-25,34347.03,33061.34228555736,31938.64678106813,34263.57698217903,1
2022-11-28,33849.46,33048.78142371565,31992.340977188738,34159.54738326181,0
2022-11-29,33852.53,33056.86259492595,31956.944835540213,34107.32397832734,0
2022-11-30,34589.77,33034.34999586811,31911.254846708252,34165.15076641693,1
2022-12-01,34395.01,33010.00884692547,31919.84844259958,34117.34182193382,1
2022-12-02,34429.88,33005.67073472135,31916.882521291478,34051.6293001858,1
2022-12-05,33947.1,32935.381584983945,31880.097596166925,33999.050902872645,0
2022-12-06,33596.34,32928.40326996386,31757.64981946176,33948.134205119866,0
2022-12-07,33597.92,32893.49197826838,31716.809302507576,34015.75460865855,0
2022-12-08,33781.48,32859.70723249201,31733.84059741005,33995.345135664604,0
2022-12-09,33476.46,32849.130593720234,31682.77765141392,33983.63782690047,0
2022-12-12,34005.04,32781.02308019175,31675.787749922867,33766.012621788,1
2022-12-13,34108.64,32781.970084978595,31749.195273920996,33878.07188976593,1
2022-12-14,33966.35,32758.52150621191,31600.60328766394,33866.50714554911,1
2022-12-15,33202.22,32739.588017356018,31594.65698825892,33760.27067830182,0
2022-12-16,32920.46,32747.027710933635,31688.30893256683,33823.08741839448,0
2022-12-19,32757.54,32748.67164965532,31674.103987173676,33856.326151948,0
2022-12-20,32849.74,32776.695749877144,31632.17893288431,33848.874145206646,0
2022-12-21,33376.48,32781.406028831334,31679.62724301079,33891.417521061805,0
2022-12-22,33027.49,32791.15872696055,31673.536139594653,33801.942478237026,0
2022-12-23,33203.93,32827.23698706485,31781.33413432111,34019.17734478184,0
2022-12-27,33241.56,32959.507165771305,31892.142134892634,34044.624645875054,0
2022-12-28,32875.71,32984.206973259395,31853.200189445095,34034.0611249693,0
2022-12-29,33220.8,33010.76787664596,31994.749621508676,34141.809314375954,0
2022-12-30,33147.25,33060.12440529899,31972.740717420584,34101.59591658071,0
2023-01-03,33136.37,33206.14925730316,32056.431194089047,34189.9095500227,0
2023-01-04,33269.77,33224.23952518496,32088.27716848519,34418.7962863853,0
2023-01-05,32930.08,33240.42301660118,32077.251777291913,34301.40448732254,0
2023-01-06,33630.61,33275.92362316837,32083.896804502638,34338.21941103475,0
2023-01-09,33517.65,33315.50243963793,32265.83736126418,34479.71114605994,0
2023-01-10,33704.1,33340.33319407841,32266.31674095126,34389.491180270685,0
2023-01-11,33973.01,33334.176818293454,32241.279664906204,34466.71411207746,0
2023-01-12,34189.97,33325.808712441074,32181.160672152444,34397.25843324018,0
2023-01-13,34302.61,33337.10220905444,32277.380358581773,34440.54687357481,0
2023-01-17,33910.85,33320.542284857605,32253.261485765368,34402.56869005033,0
2023-01-18,33296.96,33300.846101559284,32214.5167599004,34405.594806216,0
2023-01-19,33044.56,33282.486759851,32196.517880822455,34386.64137712747,0
2023-01-20,33375.49,33287.622941159556,32196.088590574844,34350.34819195126,0
2023-01-23,33629.56,33268.795013852345,32068.166375677127,34340.00178038897,0
2023-01-24,33733.96,33286.8710112741,32262.735631461153,34404.60877020817,0
2023-01-25,33743.84,33280.810696369146,32271.62858614836,34409.53774768765,0
2023-01-26,33949.41,33279.414095872206,32210.03656295982,34416.84691414768,0
2023-01-27,33978.08,33304.39138644558,32308.932333030734,34419.46735317913,0
2023-01-30,33717.09,33356.64950189597,32259.169201214117,34536.42973079876,0
2023-01-31,34086.04,33400.05803636427,32279.54116649918,34459.75050499732,0
2023-02-01,34092.96,33418.93724487374,32338.515092332334,34551.23881728917,0
2023-02-02,34053.94,33441.33414628439,32291.975482895763,34563.82475909251,0
2023-02-03,33926.01,33488.21362540509,32397.757655043184,34528.96476451144,0
2023-02-06,33891.02,33587.86807297203,32488.588935834294,34644.028252005315,0
2023-02-07,34156.69,33638.93291166067,32579.250785716955,34674.59653857579,0
2023-02-08,33949.01,33660.57178472151,32557.33249029196,34764.161750896215,0
2023-02-09,33699.88,33680.48007005655,32570.768656118744,34774.26097714507,0
2023-02-10,33869.27,33719.380843357394,32584.9185216369,34840.83689659261,0
2023-02-13,34245.93,33761.51181671768,32660.839274259124,34812.69965243842,0
2023-02-14,34089.27,33782.597002969975,32624.47007113521,34849.40272797925,0
2023-02-15,34128.05,33769.3470006036,32636.412263835693,34850.88348270113,0
2023-02-16,33696.85,33749.92136595004,32661.820168456998,34842.85815298625,0
2023-02-17,33826.69,33745.607581318705,32699.17109680745,34792.18125113736,0
2023-02-21,33129.59,33611.25735693248,32552.360747684408,34642.97366434396,0
2023-02-22,33045.09,33546.456862183055,32463.990524388777,34701.218323776025,0
2023-02-23,33153.91,33476.32892109548,32427.220340164622,34595.92576988441,0
2023-02-24,32816.92,33423.020363676515,32311.559795938836,34446.23415630128,0
2023-02-27,32889.09,33190.485733640446,32137.31464209077,34288.96129137551,0
2023-02-28,32656.7,33125.71379107292,32061.57869658678,34274.15090783235,0
2023-03-01,32661.84,33031.89466820647,31840.9580412161,34090.39405118748,0
2023-03-02,33003.57,32938.54144574083,31818.98219358669,34091.56404236298,0
2023-03-03,33390.97,32868.18524949865,31782.874772804404,34003.963100715155,0
2023-03-06,33431.44,32623.796754410905,31656.187744925923,33696.13379272635,0
2023-03-07,32856.46,32568.359797781075,31448.147736137416,33710.33763809256,0
2023-03-08,32798.4,32490.343403287352,31360.64438309601,33698.24937516884,0
2023-03-09,32254.86,32419.002428096042,31262.48468292154,33521.609363263524,0
2023-03-10,31909.64,32376.517584337485,31316.15942894415,33545.98252465604,0
2023-03-13,31819.14,32246.21323423992,31201.05727533443,33419.392385979474,0
2023-03-14,32155.4,32237.084154951634,31173.189365219518,33379.254817300745,0
2023-03-15,31874.57,32208.461954233604,31142.81027170461,33248.48082811197,0
2023-03-16,32246.55,32188.926666239608,31043.907306519337,33193.05013971504,0
2023-03-17,31861.98,32199.973231835633,31115.883060033197,33298.10383505204,0
2023-03-20,32244.58,32233.83982037409,31111.292669797625,33335.218337491715,0
2023-03-21,32560.6,32278.46715135653,31233.907145096302,33371.816983096454,0
2023-03-22,32030.11,32302.11905841744,31269.85266031629,33360.93728154006,0
2023-03-23,32105.25,32332.840016269307,31223.635725767108,33431.83544006572,0
2023-03-24,32237.53,32391.639202330553,31284.194225815554,33439.40286447236,0
2023-03-27,32432.08,32549.69128665032,31384.122550754746,33621.62610651051,0
2023-03-28,32394.25,32628.28251158245,31511.628483366803,33756.61095664061,0
2023-03-29,32717.6,32681.781991874206,31565.031834771158,33742.377425327526,0
2023-03-30,32859.03,32738.0714800732,31716.134370504595,33841.98177918806,0
2023-03-31,33274.15,32818.045045027466,31680.91818303598,33939.15674524683,0
2023-04-03,33601.15,33012.738819027014,31902.38439095277,34194.05515398883,0
2023-04-04,33402.38,33094.594653594635,31950.03866264405,34231.64744849943,0
2023-04-05,33482.72,33146.967648990634,32031.43682641214,34255.518646275326,0
2023-04-06,33485.29,33197.82901454459,32146.97221477311,34331.55268679425,0
2023-04-10,33586.52,33410.29000177634,32290.27544508015,34447.72994691569,0
2023-04-11,33684.79,33467.2638493146,32327.861870808076,34566.55175598569,0
2023-04-12,33646.5,33491.401973567146,32444.86206972527,34535.60934163227,0
2023-04-13,34029.69,33510.89725037395,32429.45887381881,34582.64480267646,0
2023-04-14,33886.47,33546.99697443509,32409.886648292362,34624.82906779337,0
2023-04-17,33987.18,33571.74610795431,32556.95879488826,34628.65420263395,0
2023-04-18,33976.63,33585.77451532626,32430.599606855994,34669.73372457192,0
2023-04-19,33897.01,33565.63638260182,32423.395269410277,34699.40379789554,0
2023-04-20,33786.62,33539.91361625039,32424.454832665266,34670.02244916176,0
2023-04-21,33808.96,33530.26830782544,32346.21535351219,34656.1694581679,0
2023-04-24,33875.4,33419.11524761951,32349.00190863735,34534.04972236333,0
2023-04-25,33530.83,33389.878473510056,32336.9169717297,34529.8524187176,0
2023-04-26,33301.87,33328.31879492533,32300.124825627474,34452.578617860076,0
2023-04-27,33826.16,33263.51913424221,32284.976330697147,34437.381892245656,0
2023-04-28,34098.16,33217.636068701606,32189.07005049328,34284.22866057951,0
